จังหวัด,เขตเลือกตั้ง,เพื่อไทย,เพื่อไทยเบอร์,ก้าวไกล,ก้าวไกลเบอร์,ไทยสร้างไทย,ไทยสร้างไทยเบอร์,เขต/ตำบล
กระบี่,3,นายกุศล วะเจดีย์,6,นายศุภฤกษ์ มีล่าม,2,,,"เกาะกลาง
เกาะลันตาน้อย
เกาะลันตาใหญ่
คลองยาง
ศาลาด่าน
คลองท่อมใต้
คลองท่อมเหนือ
คลองพน
ทรายขาว
พรุดินนา
เพหลา
ห้วยน้ำขาว
ดินแดง
ดินอุดม
ทุ่งไทรทอง
ลำทับ
โคกยาง
ปกาสัย
ห้วยยูง"
กระบี่,2,นายสุวรรณ อินพรหม,7,นายสมพร แต่งแก้ว,2,,,"เขาดิน
เขาพนม
โคกหาร
พรุเตียว
สินปุน
หน้าเขา
เขาเขน
เขาต่อ
คีรีวง
ปลายพระยา
เขาใหญ่
คลองยา
คลองหิน
นาเหนือ
บ้านกลาง
แหลมสัก
อ่าวลึกใต้
อ่าวลึกน้อย
อ่าวลึกเหนือ"
กระบี่,1,นายยุทธนา อ่าวลึกน้อย,6,นายวศิน สิริเกียรติกุล,7,นายเตชิต ดำดี,1,"กระบี่น้อย
กระบี่ใหญ่
เขาคราม
เขาทอง
คลองประสงค์
ทับปริก
ปากน้ำ
ไสไทย
หนองทะเล
อ่าวนาง
เกาะศรีบอยา
คลองขนาน
คลองเขม้า
ตลิ่งชัน
เหนือคลอง"
กรุงเทพมหานคร,4,นายนวธันย์ ธวัชวงศ์เดชากุล,11,นายภัณฑิล น่วมเจิม,2,นางสาวศรัณยภัคร สุนทรปิยะกุลพัศ,4,"คลองตัน
คลองเตย
พระโขนง
คลองตันเหนือ
คลองเตยเหนือ
พระโขนงเหนือ"
กรุงเทพมหานคร,24,นายศิลปวิชญ์ น้อยสมมิตร,8,นายเท่าพิภพ ลิ้มจิตรกร,9,นายภัชริ นิจสิริภัช,12,"คลองต้นไทร
คลองสาน
บางลำภูล่าง
สมเด็จเจ้าพระยา
ดาวคะนอง
ตลาดพลู
บุคคโล
สำเหร่
บางปะกอก"
กรุงเทพมหานคร,16,นายจิรายุ ห่วงทรัพย์,11,นางสาวพิมพ์กาญจน์ กีรติวิราปกรณ์,8,นางปิยะนุช จงบรรเจิด,5,"ทรายกองดิน
บางชัน
สามวาตะวันตก"
กรุงเทพมหานคร,17,นายไพฑูรย์ อิสระเสรีพงษ์,13,นายวีรวุธ รักเที่ยง,7,นายมังกร ศิริศรีโพธิ์,12,"ทรายกองดินใต้
สามวาตะวันออก
กระทุ่มราย
คลองสิบ
คลองสิบสอง
คู้ฝั่งเหนือ
หนองจอก"
กรุงเทพมหานคร,15,นายพลภูมิ วิภัติภูมิประเทศ,7,นายวิทวัส ติชะวาณิชย์,6,นายแมน เจริญวัลย์,3,"คันนายาว
รามอินทรา
คลองกุ่ม"
กรุงเทพมหานคร,8,นายสุรชาติ เทียนทอง,2,นายชยพล สท้อนดี,5,นางสาวณิชชา บุญลือ,3,"จตุจักร
จอมพล
ลาดยาว
ทุ่งสองห้อง"
กรุงเทพมหานคร,9,นายอนุสรณ์ ปั้นทอง,2,นายศุภณัฐ มีนชัยนันท์,10,นายเกรียงไกร ไกรนรา,4,"จันทรเกษม
เสนานิคม
อนุสาวรีย์
ตลาดบางเขน"
กรุงเทพมหานคร,26,นายศรัณยสัณฑ์ วีรกุลสุนทร,2,นายไชยามพวาน มั่นเพียรจิตต์,11,นายธวัชชัย ทองสิมา,1,"จอมทอง
บางค้อ
บางมด
ท่าข้าม"
กรุงเทพมหานคร,28,นายวัน อยู่บำรุง,10,นางสาวรักชนก ศรีนอก,4,นายสมพร คงโครัด,6,"บางขุนเทียน
คลองบางพราน
บางบอนเหนือ
หนองแขม"
กรุงเทพมหานคร,10,นายสุธนพจน์ กิจธนาภิทักษ์,10,นายเอกราช อุดมอำนวย,6,นายการุณ โหสกุล,2,"ดอนเมือง
สนามบิน
สีกัน"
กรุงเทพมหานคร,6,นายภัทร ภมรมนตรี,1,นายกัณตภณ ดวงอัมพร,3,นายรัตนมงคล เลิศทวีวิทย์,8,"ดินแดง
รัชดาภิเษก
พญาไท
สามเสนใน"
กรุงเทพมหานคร,1,นางสาวกานต์กนิษฐ์ แห้วสันตติ,8,นายปารเมศ วิทยารักษ์สรรค์,5,นางสาวสุวดี พันธุ์พานิช,7,"ดุสิต
วชิรพยาบาล
สวนจิตรลดา
สี่แยกมหานาค
บางรัก
มหาพฤฒาราม
สี่พระยา
สีลม
สุริยวงศ์
คลองมหานาค
บ้านบาตร
ป้อมปราบ
วัดเทพศิรินทร์
วัดโสมนัส
ชนะสงคราม
ตลาดยอด
บวรนิเวศ
บางขุนพรหม
บ้านพานถม
พระบรมมหาราชวัง
วังบูรพาภิรมย์
วัดราชบพิธ
วัดสามพระยา
ศาลเจ้าพ่อเสือ
สำราญราษฎร์
เสาชิงช้า
จักรวรรดิ
ตลาดน้อย
สัมพันธวงศ์"
กรุงเทพมหานคร,7,นายรัฐพงศ์ ระหงษ์,8,นางสาวภัสริน รามวงศ์,7,นายทวีชัย วงศ์ไพโรจน์กุล,2,"ถนนนครไชยศรี
บางซื่อ
วงศ์สว่าง"
กรุงเทพมหานคร,31,นายจิรวัฒน์ อรัณยกานนท์,2,นายสิริน สงวนสิน,13,นายกันตพงศ์ ดีชัยยะ,7,"คลองชักพระ
ฉิมพลี
ตลิ่งชัน
บางพรม
บางระมาด
ทวีวัฒนา
ศาลาธรรมสพน์"
กรุงเทพมหานคร,32,นายอารุม ตุ้มน้อย,13,นางสาวปวิตรา จิตตกิจ,9,นางสาวนิธิสนี กลิ่นพันธหิรัญ,10,"บางเชือกหนัง
บางยี่เรือ
วัดกัลยาณ์
หิรัญรูจี
ศิริราช
วัดท่าพระ
วัดอรุณ
คูหาสวรรค์
บางจาก
บางแวก
ปากคลองภาษีเจริญ"
กรุงเทพมหานคร,25,นายกิตติพล รวยฟูพันธ์,14,นางสาวแอนศิริ วลัยกนก,9,นายอมรศักดิ์ สินเหลือ,1,"ทุ่งครุ
บางมด
ราษฎร์บูรณะ"
กรุงเทพมหานคร,33,นายธิติวัฐ อดิศรพันธุ์กุล,13,นายพงศ์พันธ์ ยอดเมืองเจริญ,6,นายณัฐวัฒน์ พอใช้ได้,12,"บางขุนนนท์
บางขุนศรี
บ้านช่างหล่อ
อรุณอมรินทร์
บางบำหรุ
บางพลัด
บางยี่ขัน
บางอ้อ"
กรุงเทพมหานคร,14,นายพงศกร รัตนเรืองวัฒนา,6,นางสาวสิริลภัส กองตระการ,9,นายตรีรัตน์ ศิริจันทโรภาส,12,"คลองจั่น
หัวหมาก
คลองเจ้าคุณสิงห์"
กรุงเทพมหานคร,27,นางสาวกมลพัฒน์ ปุงบางกะดี่,4,นายณัฐชา บุญไชยอินสวัสดิ์,1,นายเศรษฐสรร จันทร์ทอง,10,"แสมดำ
คลองบางบอน
บางบอนใต้"
กรุงเทพมหานคร,12,นายญาณกิตติ์ ห่วงทรัพย์,10,นายภูริวรรธก์ ใจสำราญ,5,นายประเวศร์ วัลลภบรรหาร,3,"ท่าแร้ง
จรเข้บัว
ออเงิน"
กรุงเทพมหานคร,3,นางสาวเพ็ญพิสุทธิ์ จินตโสภณ,5,นายจรยุทธ จตุรพรประสิทธิ์,4,นายนรุตม์ชัย บุนนาค,11,"บางคอแหลม
บางโคล่
วัดพระยาไกร
ช่องนนทรี
บางโพงพาง"
กรุงเทพมหานคร,30,นางสุภาภรณ์ คงวุฒิปัญญา,13,นายธัญธร ธนินวัฒนาธร,4,นายพีร์ โรจนดารา,3,"บางแค
หลักสอง
คลองขวาง
บางด้วน
บางหว้า"
กรุงเทพมหานคร,29,นายกฤชนนท์ อัยยปัญญา,9,นางสาวทิสรัตน์ เลาหพล,8,นายกิติ วงษ์กุหลาบ,10,"บางแคเหนือ
บางไผ่
หนองค้างพลู"
กรุงเทพมหานคร,23,นายกวีวงศ์ อยู่วิจิตร,3,นายปิยรัฐ จงเทพ,11,นายปณิธาน ประจวบเหมาะ,4,"บางนาใต้
บางนาเหนือ
บางจาก
พระโขนงใต้"
กรุงเทพมหานคร,13,นางสาวสกาวใจ พูนสวัสดิ์,4,นายธนเดช เพ็งสุข,7,นายภัทรดนัย ใหม่พระเนตร,12,"นวมินทร์
นวลจันทร์
ลาดพร้าว"
กรุงเทพมหานคร,2,นางสาวลีลาวดี วัชโรบล,5,นางสาวธิษะณา ชุณหะวัณ,13,นายธวัชชัย ปิยนนทยา,8,"ปทุมวัน
รองเมือง
ลุมพินี
วังใหม่
ถนนพญาไท
ถนนเพชรบุรี
ทุ่งพญาไท
มักกะสัน
ทุ่งมหาเมฆ
ทุ่งวัดดอน
ยานนาวา"
กรุงเทพมหานคร,21,นายอรรฆรัตน์ นิติพน,13,นายณัฐพงศ์ เปรมพูลสวัสดิ์,7,นางสาววรัญญา แอนดาริส,10,"ดอกไม้
ประเวศ
ทับช้าง"
กรุงเทพมหานคร,22,นายธกร เลาหพงศ์ชนะ,9,นายสุภกร ตันติไพบูลย์ธนะ,8,นายธันวา ไกรฤกษ์,11,"หนองบอน
พัฒนาการ
สวนหลวง
อ่อนนุช"
กรุงเทพมหานคร,19,นายวิชาญ มีนชัยนันท์,9,นายกันต์พงษ์ ประยูรศักดิ์,5,นางเสาวลักษณ์ ยงวานิชจิต,13,"มีนบุรี
ราษฎร์พัฒนา
สะพานสูง"
กรุงเทพมหานคร,18,นายไพโรจน์ อิสระเสรีพงษ์,15,นายธีรัจชัย พันธุมาศ,8,นายวาทิศ ธนกิจกาศมณี,12,"แสนแสบ
ลำปลาทิว
โคกแฝด
ต้อยติ่ง
ลำผักชี"
กรุงเทพมหานคร,20,นางสาวธีรรัตน์ สำเร็จวาณิชย์,6,นายชุมพล หลักคำ,9,ว่าที่ร้อยตรีหญิงนุชนาฏ หุ่นอยู่,14,"ขุมทอง
คลองสองต้นนุ่น
คลองสามประเวศ
ทับยาว
ลาดกระบัง"
กรุงเทพมหานคร,5,นายขจรศักดิ์ ประดิษฐาน,5,นายเฉลิมชัย กุลาเลิศ,12,นายศุข ศักดิ์ณรงค์เดช,7,"พลับพลา
วังทองหลาง
สะพานสอง
บางกะปิ
สามเสนนอก
ห้วยขวาง"
กรุงเทพมหานคร,11,นายเอกภาพ หงสกุล,1,นางสาวศศินันท์ ธรรมนิฐินันท์,3,นายสมชาย เวสารัชตระกูล,9,"คลองถนน
สายไหม"
กาญจนบุรี,2,นายชูศักดิ์ แม้นทิม,7,นายณัฐศักดิ์ หงษ์ทอง,9,นายเสรี นาเจริญ,2,"กลอนโด
จรเข้เผือก
ด่านมะขามเตี้ย
หนองไผ่
เขาน้อย
ท่าตะคร้อ
ท่าม่วง
ท่าล้อ
ทุ่งทอง
บ้านใหม่
พังตรุ
ม่วงชุม
รางสาลี่
วังขนาย
วังศาลา
หนองขาว
หนองตากยา
ดอนเจดีย์
ทุ่งสมอ
หนองโรง
หนองสาหร่าย"
กาญจนบุรี,5,นายพนม โพธิ์แก้ว,5,นายณัฏพัชรพงษ์ เรือนพระจันทร์,6,นายประเทือง กรุดทอง,9,"ชะแล
ท่าขนุน
ปิล๊อก
ลิ่นถิ่น
สหกรณ์นิคม
ห้วยเขย่ง
หินดาด
ท่าเสา
ไทรโยค
บ้องตี้
ลุ่มสุ่ม
วังกระแจะ
ศรีมงคล
สิงห์
บ้านเก่า
เขาโจด
ด่านแม่แฉลบ
ท่ากระดาน
นาสวน
แม่กระบุง
หนองเป็ด
ปรังเผล
ไล่โว่
หนองลู"
กาญจนบุรี,3,นางสาวพลอย ธนิกุล,4,นายเจษฎา เอี่ยมปุ่น,7,นายชาติชาย บัวซ้อน,6,"เขาสามสิบหาบ
โคกตะบอง
ดอนขมิ้น
ดอนชะเอม
ตะคร้ำเอน
ท่ามะกา
ท่าไม้
ท่าเรือ
ท่าเสา
พงตึก
พระแท่น
ยางม่วง
สนามแย้
แสนตอ
หนองลาน
หวายเหนียว
อุโลกสี่หมื่น
ดอนตาเพชร
พนมทวน
พังตรุ
รางหวาย"
กาญจนบุรี,4,นายศักดิ์ดา วิเชียรศิลป์,5,นายณฐสิทธิ์ บางอ้อ,9,นายสันติชัย จีระพัฒน์,6,"ช่องด่าน
บ่อพลอย
หนองกร่าง
หนองรี
หลุมรัง
ทุ่งกระบ่ำ
เลาขวัญ
หนองนกแก้ว
หนองประดู่
หนองปลิง
หนองฝ้าย
หนองโสน
สมเด็จเจริญ
หนองปรือ
หนองปลาไหล
ดอนแสลบ
วังไผ่
สระลงเรือ
ห้วยกระเจา"
กาญจนบุรี,1,นายอัครนันท์ กัณณ์กิตตินันท์,1,นายวรรษภณ แสงเป่า,9,พันเอกไพบูลย์ พัสดร,3,"หนองกุ่ม
เกาะสำโรง
แก่งเสี้ยน
ช่องสะเดา
ท่ามะขาม
บ้านใต้
บ้านเหนือ
ปากแพรก
ลาดหญ้า
วังด้ง
วังเย็น
หนองบัว
หนองหญ้า"
กาฬสินธุ์,5,นายทินพล ศรีธเรศ,8,นายทวี ขาวผ่อง,7,นายนิพนธ์ ศรีธเรศ,10,"กมลาไสย
โคกสมบูรณ์
เจ้าท่า
ดงลิง
ธัญญา
โพนงาม
หนองแปน
หลักเมือง
ดงพยุง
ดอนจาน
นาจำปา
ม่วงนา
สะอาดไชยศรี
นามน
สงเปลือย
หนองบัว
หลักเหลี่ยม
ร่องคำ
สามัคคี
เหล่าอ้อย
คำบง
ไค้นุ่น
นิคมห้วยผึ้ง
หนองอีบุตร"
กาฬสินธุ์,6,นายประเสริฐ บุญเรือง,9,นายจุฬา ศรีบุตตะ,7,นายสาริกา อุทรักษ์,6,"กุดค้าว
กุดหว้า
จุมจัง
แจนแลน
นาโก
นาขาม
บัวขาว
สมสะอาด
สามขา
หนองห้าง
เหล่าใหญ่
เหล่าไฮงาม
กุดปลาค้าว
กุดสิมคุ้มใหม่
คุ้มเก่า
สงเปลือย
สระพังทอง
หนองผือ
นาคู
โนนนาจาน
บ่อแก้ว
ภูแล่นช้าง
สายนาวัง"
กาฬสินธุ์,4,นายพีระเพชร ศิริกุล,3,นายวัฒนา ก้านบัว,9,นายจวน นัทยาย,8,"ดินจี่
ทุ่งคลอง
นาทัน
นาบอน
เนินยาง
โพน
แซงบาดาล
ผาเสวย
มหาไชย
ลำห้วยหลัว
ศรีสมเด็จ
สมเด็จ
หมูม่น
นามะเขือ
นิคม
โนนน้ำเกลี้ยง
โนนบุรี
โนนศิลา
โนนแหลมทอง
ภูสิงห์
สหัสขันธ์
คำสร้างเที่ยง
สำราญ
สำราญใต้
หนองช้าง"
กาฬสินธุ์,2,นายพลากร พิมพะนิตย์,4,นางสาวสุพัตตรา วันตุ้ม,7,นางวันเพ็ญ เศรษฐรักษา,2,"โคกสะอาด
ฆ้องชัยพัฒนา
โนนศิลาเลิง
ลำชี
เหล่ากลาง
เขาพระนอน
คลองขาม
ดอนสมบูรณ์
นาเชือก
นาดี
โนนสูง
บัวบาน
ยางตลาด
เว่อ
หนองตอกแป้น
หนองอิเฒ่า
หัวงัว
หัวนาคำ
อิตื้อ
อุ่มเม่า"
กาฬสินธุ์,3,นางยรรยงรัตน์ ไชยศิวามงคล,7,นายสุรักษ์ จุตาทิศ,2,,,"กุงเก่า
กุดจิก
ดงสมบูรณ์
ท่าคันโท
นาตาล
ยางอู้ม
โคกเครือ
ดงมูล
ลำหนองแสน
เสาเล้า
หนองกุงศรี
หนองบัว
หนองสรวง
หนองหิน
หนองใหญ่
กุดโดน
คำเหมือดแก้ว
คำใหญ่
ทรายทอง
โนนสะอาด
บึงนาเรียง
พิมูล
ห้วยเม็ก
หัวหิน"
กาฬสินธุ์,1,นายวิรัช พิมพะนิตย์,9,นายชวลิต กงเพชร,7,นายเทิดเเผ่นดินทอง ธารชัย,5,"ยอดแกง
กลางหมื่น
กาฬสินธุ์
ขมิ้น
เชียงเครือ
นาจารย์
บึงวิชัย
ไผ่
โพนทอง
ภูดิน
ภูปอ
ลำคลอง
ลำปาว
ลำพาน
หนองกุง
หลุบ
ห้วยโพธิ์
เหนือ
หนองแวง"
กำแพงเพชร,2,นายเรวัตร์ อินทพงษ์,4,นายสมชาย ผลมา,3,นายจุลพันธ์ ทับทิม,2,"โกสัมพี
เพชรชมภู
ลานดอกไม้ตก
พานทอง
มหาชัย
หนองคล้า
หนองทอง
เขาคีริส
คลองพิไกร
คุยบ้านโอง
ถ้ำกระต่ายทอง
ท่าไม้
พรานกระต่าย
วังควง
วังตะแบก
หนองหัววัว
ห้วยยั้ง
สระแก้ว
จันทิมา
ช่องลม
โนนพลวง
บึงทับแรต
ประชาสุขสันต์
ลานกระบือ
หนองหลวง"
กำแพงเพชร,4,นายธานันท์ หล่าวเจริญ,2,นายจันทร์ดี หลวงนัน,4,,,"เกาะตาล
โค้งไผ่
ดอนแตง
บ่อถ้ำ
ปางมะค่า
ป่าพุทรา
ยางสูง
วังชะพลู
วังหามแห
สลกบาตร
แสนตอ
ถาวรวัฒนา
ทุ่งทราย
ทุ่งทอง
ไทรงาม
หนองแม่แตง
หนองไม้กอง
เทพนิมิต
บึงสามัคคี
ระหาน
วังชะโอน"
กำแพงเพชร,3,นายจรัญ อิสระบัณฑิตกุล,1,นายประพันธ์ จิตคำ,6,นายรชต ธิยานันท์,10,"คลองขลุง
คลองสมบูรณ์
ท่าพุทรา
ท่ามะเขือ
แม่ลาด
วังแขม
วังไทร
วังบัว
วังยาง
หัวถนน
คลองน้ำไหล
คลองลานพัฒนา
โป่งน้ำร้อน
สักงาม
ปางตาไว
โพธิ์ทอง
หินดาต
ไตรตรึงษ์"
กำแพงเพชร,1,นายวีระศักดิ์ สุ่นสา,3,นายสุกิจ ศุภกิจเจริญ,1,นายวัศพล เลิศธันยนันท์,4,"คณฑี
คลองแม่ลาย
ทรงธรรม
ท่าขุนราม
เทพนคร
ธำมรงค์
นครชุม
นาบ่อคำ
นิคมทุ่งโพธิ์ทะเล
ในเมือง
ลานดอกไม้
วังทอง
หนองปลิง
อ่างทอง"
ขอนแก่น,3,นายจตุพร เจริญเชื้อ,5,นายชัชวาล อภิรักษ์มั่นคง,4,นายสมคิด โพธิ์ศรี,12,"ดูนสาด
น้ำอ้อม
บ้านฝาง
หนองกุงใหญ่
หนองโก
หนองโน
ห้วยโจด
ห้วยยาง
หัวนาคำ
เขาสวนกวาง
คำม่วง
กระนวน
คำแมด
คูคำ
บ้านโนน
ห้วยเตย
ทรายมูล
บัวเงิน
บัวใหญ่
บ้านขาม
พังทุย"
ขอนแก่น,4,นางมุกดา พงษ์สมบัติ,11,นายวุฒิรักษ์ แพงตาแก้ว,6,นายธนากร สงวนความดี,10,"ดงเมืองแอม
นางิ้ว
โนนสมบูรณ์
กุดน้ำใส
ท่ากระเสริม
น้ำพอง
ม่วงหวาน
วังชัย
สะอาด
หนองกุง
โนนท่อน
บ้านค้อ
เขื่อนอุบลรัตน์
โคกสูง
ทุ่งโป่ง
นาคำ
บ้านดง
ศรีสุขสำราญ"
ขอนแก่น,10,นายวันนิวัติ สมบูรณ์,9,นายนิวัตร สระพรม,1,,,"ซับสมบูรณ์
นาแพง
บ้านโคก
โพธิ์ไชย
ปอแดง
วังแสง
ห้วยแก
โนนแดง
โนนศิลา
บ้านหัน
เปือยใหญ่
หนองปลาหมอ
ขามป้อม
เปือยน้อย
วังม่วง
สระแก้ว
คึมชาด
ดงเค็ง
ดอนดั่ง
ดอนดู่
ตะกั่วป่า
โนนธาตุ
วังหิน
สำโรง
หนองไผ่ล้อม
หนองเม็ก
หนองสองห้อง
หันโจด"
ขอนแก่น,11,นายพชรกร อรรณนพพร,4,นางสาวณัฏฐณิชา สารบรรณ,2,,,"กุดเพียขอม
ชนบท
โนนพะยอม
บ้านแท่น
ศรีบุญเรือง
แคนเหนือ
ในเมือง
บ้านไผ่
บ้านลาน
ป่าปอ
ภูเหล็ก
เมืองเพีย
หนองน้ำใส
หัวหนอง
หินตั้ง
โคกสำราญ
โนนสมบูรณ์
บ้านแฮด
หนองแซง"
ขอนแก่น,6,นายสิงหภณ ดีนาง,5,นายสานิตย์ พระโบราณ,11,นายวิศรุต กระบวนสืบ,8,"ขัวเรียง
ชุมแพ
ไชยสอ
นาเพียง
นาหนองทุ่ม
โนนสะอาด
โนนหัน
โนนอุดม
วังหินลาด
หนองเขียด
หนองไผ่
หนองเสาเล้า
นาฝาย
โนนคอม
ภูผาม่าน
วังสวาบ
ห้วยม่วง
ซำยาง
นาจาน"
ขอนแก่น,7,นายสุรพจน์ เตาะเจริญสุข,6,นายรุ่งวิชิต คำงาม,7,นายปริญญ์ ศรีภักดี,3,"โคกงาม
โนนฆ้อง
บ้านฝาง
บ้านเหล่า
ป่ามะนาว
ป่าหวายนั่ง
หนองบัว
กุดขอนแก่น
หนองกุงเซิน
กุดกว้าง
จระเข้
โนนทอง
โนนทัน
โนนสะอาด
บ้านกง
บ้านผือ
บ้านเม็ง
ยางคำ
หนองเรือ"
ขอนแก่น,8,นางสาววิภาณี ภูคำวงศ์,6,นายอำนวย วิชาโคตร,7,นายเจริญชัย ศรีวิบูลย์,8,"ขามป้อม
บ้านโต้น
พระบุ
พระยืน
หนองแวง
กุดเค้า
คำแคน
ท่าศาลา
นาข่า
นางาม
โพนเพ็ก
สวนหม่อน
หนองแปน
ดอนช้าง
ดอนหัน
ท่าพระ
บ้านทุ่ม
บ้านหว้า"
ขอนแก่น,9,นางสาวสรัสนันท์ อรรณนพพร,4,นางสาววนัฏศนันท์ ธีรวรวรรณ,10,,,"เก่างิ้ว
โคกสง่า
โจดหนองแก
โนนข่า
เพ็กใหญ่
เมืองพล
ลอมคอม
โสกนกเต็น
หนองมะเขือ
หนองแวงนางเบ้า
หนองแวงโสกพระ
หัวทุ่ง
ก้านเหลือง
ทางขวาง
ท่านางแนว
ท่าวัด
ละหานนา
แวงน้อย
คอนฉิม
โนนทอง
โนนสะอาด
แวงใหญ่
ใหม่นาเพียง"
ขอนแก่น,5,นายภาควัต ศรีสุรพล,3,นายวิชัย อินทรประสิทธิ์,5,นายเกียรติศิริกุล ทึนรส,1,"ดินดำ
ทุ่งชมพู
นาชุมแสง
นาหว้า
บ้านเรือ
ภูเวียง
สงเปือย
หนองกุงธนสาร
หว้าทอง
เขาน้อย
ในเมือง
เมืองเก่าพัฒนา
ดงลาน
บริบูรณ์
บ้านใหม่
ภูห่าน
วังเพิ่ม
ศรีสุข
สีชมพู
หนองแดง
กุดธาตุ
ขนวน
บ้านโคก"
ขอนแก่น,2,นางสาวรัมภามาศ ทีฆธนานนท์,9,นายอิทธิพล ชลธราศิริ,1,,,"โคกสี
แดงใหญ่
บ้านเป็ด
บึงเนียม
ศิลา
สาวะถี
สำราญ
หนองตูม"
ขอนแก่น,1,นายชัชวาล พรอมรธรรม,6,นายวีรนันท์ ฮวดศรี,4,นายสยมพร วรรณูปถัมภ์,9,"ในเมือง
พระลับ
เมืองเก่า"
จันทบุรี,2,นายวันทิต ตั้งรักษาสัตย์,2,นางสาวปรัชญาวรรณ ไชยสืบ,3,,,"แก่งหางแมว
ขุนซ่อง
เขาวงกต
พวา
สามพี่น้อง
คลองพลู
จันทเขลม
ชากไทย
ตะเคียนทอง
พลวง
เขาแก้ว
เขาบายศรี
เขาวัว
โขมง
คลองขุด
ตะกาดเง้า
ท่าใหม่
ทุ่งเบญจา
บ่อพุ
พลอยแหวน
ยายร้า
รำพัน
สองพี่น้อง
สีพยา
กระแจะ
ช้างข้าม
นายายอาม
วังโตนด
วังใหม่
สนามไชย"
จันทบุรี,3,นายแสนคม อนามพงษ์,3,นางสาวญาณธิชา บัวเผื่อน,2,นางสาวศุภนาถลดา รัตนาธนัชภัค,9,"เกวียนหัก
ขลุง
ซึ้ง
ตกพรม
ตรอกนอง
ตะปอน
บ่อ
บ่อเวฬุ
บางชัน
มาบไพ
วังสรรพรส
วันยาว
คลองใหญ่
ทับไทร
เทพนิมิต
โป่งน้ำร้อน
หนองตาคง
ฉมัน
ปัถวี
ทรายขาว
ทับช้าง
ทุ่งขนาน
ปะตง
สะตอน"
จันทบุรี,1,นายมงคล ศรีคำแหง,2,นายวรายุทธ ทองสุข,4,นายจักรพรรณ พลอยพานิชย์,9,"ท่าหลวง
มะขาม
วังแซ้ม
อ่างคีรี
เกาะขวาง
คมบาง
คลองนารายณ์
จันทนิมิต
ตลาด
ท่าช้าง
บางกะจะ
พลับพลา
วัดใหม่
แสลง
หนองบัว
เกาะเปริด
คลองน้ำเค็ม
บางกะไชย
บางสระเก้า
ปากน้ำแหลมสิงห์
พลิ้ว
หนองชิ่ม"
ฉะเชิงเทรา,2,นายพงศ์ศรัณย์ อัศวชัยโสภณ,3,นายนพรัตน์ มุริกะ,2,,,"ก้อนแก้ว
คลองเขื่อน
บางตลาด
บางโรง
บางเล่า
ท่าทองหลาง
บางกระเจ็ด
บางคล้า
บางสวน
ปากน้ำ
สาวชะโงก
เสม็ดใต้
เสม็ดเหนือ
หัวไทร
ดอนเกาะกา
ดอนฉิมพลี
บางขนาก
บางน้ำเปรี้ยว
บึงน้ำรักษ์
โพรงอากาศ
โยธะกา
ศาลาแดง
สิงโตทอง
หมอนทอง
พนมสารคาม
หนองยาว
ดงน้อย
บางคา
เมืองใหม่"
ฉะเชิงเทรา,3,นายศักดิ์ชาย ตันเจริญ,5,นายเอกราช เนตรดี,1,,,"คลองตะเกรา
ท่าตะเกียบ
เกาะขนุน
เขาหินซ้อน
ท่าถ่าน
บ้านซ่อง
เมืองเก่า
หนองแหน
คู้ยายหมี
ท่ากระดาน
ทุ่งพระยา
ลาดกระทิง"
ฉะเชิงเทรา,4,นายวุฒิพงศ์ ฉายแสง,5,นายจิรัฏฐ์ ทองสุวรรณ์,2,,,"เขาดิน
ท่าข้าม
ท่าสะอ้าน
บางเกลือ
บางปะกง
บางผึ้ง
บางวัว
บางสมัคร
พิมพา
สองคลอง
หนองจอก
หอมศีล
คลองขุด
คลองบ้านโพธิ์
ดอนทราย
ท่าพลับ
บางซ่อน
บ้านโพธิ์
ลาดขวาง
สนามจันทร์
สิบเอ็ดศอก
แสนภูดาษ
หนองตีนนก
หนองบัว
แหลมประดู่
แปลงยาว
วังเย็น
หนองไม้แก่น
หัวสำโรง"
ฉะเชิงเทรา,1,นางฐิติมา ฉายแสง,2,นายธนะชัย แสวงศิริผล,6,,,"เกาะไร่
คลองประเวศ
เทพราช
บางกรูด
คลองจุกกระเฌอ
คลองนครเนื่องเขต
คลองนา
คลองเปรง
คลองหลวงแพ่ง
คลองอุดมชลจร
ท่าไข่
บางกะไห
บางแก้ว
บางขวัญ
บางตีนเป็ด
บางเตย
บางไผ่
บางพระ
บ้านใหม่
วังตะเคียน
โสธร
หนามแดง
หน้าเมือง"
ชลบุรี,5,นายอนันต์ ปรีดาสุทธิจิตต์,1,นายภานุพงศ์ คำมูลอามาตย์,5,นายพรชัย วงศ์ล้อมนิล,6,"เกาะจันทร์
ท่าบุญมี
กุฎโง้ง
โคกเพลาะ
ท่าข้าม
ทุ่งขวาง
นามะตูม
นาเริก
นาวังหิน
บ้านช้าง
บ้านเซิด
พนัสนิคม
ไร่หลักทอง
วัดโบสถ์
วัดหลวง
สระสี่เหลี่ยม
หนองขยาด
หนองปรือ
หนองเหียง
หน้าพระธาตุ
หมอนนาง
หัวถนน"
ชลบุรี,6,นางสุกุมล คุณปลื้ม,8,นางสาวกฤษฏิ์ ชีวะธรรมานนท์,7,นางสาวสปันธ์หยก ทองอยู่ชนะชล,5,"ท่าเทววงษ์
ทุ่งสุขลา
บางพระ
ศรีราชา
สุรศักดิ์"
ชลบุรี,4,นายสรวุฒิ เนื่องจำนงค์,4,นางสาวนภัสวรรณ มณีรัตน์โรจน์,8,นายศุภศิษฎิ์ สรภัสจิรพงศ์,2,"เกษตรสุวรรณ
ธาตุทอง
บ่อกวางทอง
บ่อทอง
พลวงทอง
วัดสุวรรณ
คลองกิ่ว
บ้านบึง
หนองไผ่แก้ว
หนองอิรุณ
เขาซก
คลองพลู
หนองเสือช้าง
หนองใหญ่
ห้างสูง"
ชลบุรี,8,นายเชาวลิตร แสงอุทัย,9,นายจรัส คุ้มไข่น้ำ,4,นายสกลชัย เจริญรุจิจินต์,5,"เขาไม้แก้ว
ตะเคียนเตี้ย
นาเกลือ
บางละมุง
โป่ง
หนองปลาไหล
ห้วยใหญ่"
ชลบุรี,9,นายแมน อินทร์พิทักษ์,2,นายยอดชาย พึ่งพร,8,นายชาลี สิกุลจ้อย,7,หนองปรือ
ชลบุรี,3,นายมานิตย์ ภาวสุทธิ์,1,นายชวาล พลเมืองดี,3,นายโรจนินทร์ ศิริเบญญาภิรมย์,5,"มาบไผ่
หนองชาก
หนองซ้ำซาก
หนองบอนแดง
เกาะลอย
โคกขี้หนอน
บางนาง
บางหัก
บ้านเก่า
พานทอง
มาบโป่ง
หนองกะขะ
หนองตำลึง
หนองหงษ์
หน้าประดู่
คลองตำหรุ
ดอนหัวฬ่อ
สำนักบก
หนองไม้แดง"
ชลบุรี,2,นายฉัตรชัย อั้งลิ้ม,1,นางสาววรรณิดา นพสิทธิ์,3,นายชัยชนะ อาจวารินทร์,6,"นาป่า
บางทราย
บางปลาสร้อย
บ้านโขด
บ้านสวน
มะขามหย่ง"
ชลบุรี,1,นางสาวสุภีพันธุ์ หอมหวล,5,นายวรท ศิริรักษ์,4,นายภูวนาถ กาศสกุล,2,"บ้านปึก
เสม็ด
แสนสุข
หนองข้างคอก
หนองรี
ห้วยกะปิ
เหมือง
อ่างศิลา"
ชลบุรี,7,นายสงกรานต์ ภาชนะ,2,นายสหัสวัต คุ้มคง,10,นายบัญชา สะและวงษ์,3,"เขาคันทรง
บ่อวิน
บึง
หนองขาม"
ชลบุรี,10,นายพนธกร ใคร่ครวญ,7,นางสาวนิชนันท์ วังคะฮาต,5,นางศศิมาภรณ์ ชมไพร,2,"นาจอมเทียน
บางเสร่
พลูตาหลวง
สัตหีบ
แสมสาร"
ชัยนาท,2,นายวิฑูร ลี้ธีระนานนท์,6,นายสุทธิพจน์ เชื้ออภัยวงษ์,7,นายจิระ เมธีวิวัฒน์,1,"กะบกเตี้ย
เนินขาม
สุขเดือนห้า
บ่อแร่
วังหมัน
ดงคอน
ดอนกำ
เที่ยงแท้
บางขุด
แพรกศรีราชา
โพงาม
ห้วยกรด
ห้วยกรดพัฒนา
กุดจอก
วังตะเคียน
สะพานหิน
หนองมะโมง
เด่นใหญ่
บ้านเชี่ยน
ไพรนกยูง
วังไก่เถื่อน
สามง่ามท่าโบสถ์
หนองแซง
ห้วยงู
หันคา"
ชัยนาท,1,นายสมชาย สิทธิบรวงษ์,8,นายทรงพล ภัทราภิรมย์,2,นายสนั่น ทองปาน,6,"คุ้งสำเภา
ท่าฉนวน
ไร่พัฒนา
วัดโคก
ศิลาดาน
หางน้ำสาคร
อู่ตะเภา
เขาท่าพระ
ชัยนาท
ท่าชัย
ธรรมามูล
นางลือ
ในเมือง
บ้านกล้วย
เสือโฮก
หาดท่าเสา
มะขามเฒ่า
วัดสิงห์
หนองขุ่น
หนองน้อย
หนองบัว
เขาแก้ว
ตลุก
บางหลวง
โพนางดำตก
โพนางดำออก
สรรพยา
หาดอาษา"
ชัยภูมิ,5,นายศิวะ พงศ์ธีระดุลย์,7,นางสาวพิมพ์กานต์ ยศพิทักษ์,2,นายธนกฤต จรรย์โกมล,5,"กุดเลาะ
โนนกอก
โนนทอง
บ้านเดื่อ
บ้านบัว
บ้านเป้า
บ้านยาง
บ้านหัน
สระโพนทอง
หนองโพนงาม
คอนสาร
ดงกลาง
ดงบัง
ทุ่งนาเลา
ทุ่งพระ
ทุ่งลุยลาย
โนนคูณ
ห้วยยาง"
ชัยภูมิ,4,นายมานะ โลหะวณิชย์,8,นายสิทธิพล ภูธรณ์,7,นายพิชัย ขระสูงเนิน,4,"หนองข่า
เจาทอง
บ้านเจียง
วังทอง
แหลมทอง
ห้วยต้อน
กุดชุมแสง
คูเมือง
ถ้ำวัวแดง
ท่าใหญ่
นางแดด
วังชมภู
หนองบัวแดง
หนองแวง"
ชัยภูมิ,7,นายสุรวิทย์ คนสมบูรณ์,4,นายกิตติธัช คำวงษ์,1,นายจอมจักรภพ เอกกุล,9,"เก่าย่าดี
โคกกุง
ช่องสามหมอ
ท่ามะไฟหวาน
นาหนองทุ่ม
บ้านแก้ง
หนองขาม
หนองไผ่
หนองสังข์
หลุบคา
คอนสวรรค์
โคกมั่งงอย
ช่องสามหมอ
โนนสะอาด
บ้านโสก
ยางหวาย
ศรีสำราญ
หนองขาม
ห้วยไร่
ซับสีทอง
ท่าหินโงม"
ชัยภูมิ,2,นายเชิงชาย ชาลีรินทร์,6,นายทัศนัย สุขประสาร,1,นางสาววาสนา อยู่ภักดี,3,"กุดน้ำใส
บ้านกอก
บ้านขาม
ละหาน
ส้มป่อย
หนองโดน
หนองบัวโคก
หนองบัวบาน
หนองบัวใหญ่
ซับใหญ่
ตะโกทอง
ท่ากูบ
กะฮาด
ตาเนิน
รังงาม
หนองฉิม
ชีบน
ตลาดแร้ง
โนนแดง
บ้านเขว้า
ภูแลนคา
ลุ่มลำชี"
ชัยภูมิ,3,นายอนันต์ ลิมปคุปตถาวร,2,นายเกรียงไกร จันกกผึ้ง,3,นายอุทิศ พิมพลีชัย,6,"นายางกลัก
บ้านไร่
โป่งนก
วะตะแบก
ห้วยยายจิ๋ว
เกาะมะนาว
โคกเพชรพัฒนา
โคกเริงรมย์
บ้านชวน
บ้านตาล
บ้านเพชร
หัวทะเล
โคกสะอาด
วังตะเฆ่
โสกปลาดุก
หนองบัวระเหว
ห้วยแย้"
ชัยภูมิ,6,นางพรเพ็ญ บุญศิริวัฒนกุล,6,นางอรนุช ผลภิญโญ,5,นายเจริญ จรรย์โกมล,4,"บ้านเต่า
บ้านแท่น
สระพัง
สามสวน
หนองคู
กวางโจน
กุดยม
โคกสะอาด
ธาตุทอง
บ้านแก้ง
บ้านดอน
บ้านเพชร
ผักปัง
หนองคอนไทย
หนองตูม
โอโล"
ชัยภูมิ,1,นายโอชิษฐ์ เกียรติก้องชูชัย,1,นางสาวนัฏฐิกา โล่ห์วีระ,7,,,"กุดตุ้ม
โคกสูง
ชีลอง
นาฝาย
นาเสียว
โนนสำราญ
ในเมือง
บ้านค่าย
บ้านเล่า
บุ่งคล้า
โพนทอง
รอบเมือง
ลาดใหญ่
หนองนาแซง
หนองไผ่
ห้วยบง"
ชุมพร,2,นายไตรฤกษ์ มือสันทัด,9,นางสาวณัฐจกานต์ เพ็ชศรี,4,นางสาวรุจินาถ ศรีสุวรรณ,1,"คุริง
ทรัพย์อนันต์
ท่าข้าม
ท่าแซะ
นากระตาม
รับร่อ
สลุย
สองพี่น้อง
หงษ์เจริญ
หินแก้ว
เขาไชยราช
ชุมโค
ดอนยาง
ทะเลทรัพย์
บางสน
ปากคลอง
สะพลี
ถ้ำสิงห์
บางลึก
บ้านนา
วังใหม่
หาดพันไกร"
ชุมพร,3,นายอัชฌา แดงกนิษฐ,8,นางสาวชุติมา ชุมขุน,5,นายสมพร บุญคงมา,2,"ช่องไม้แก้ว
ตะโก
ทุ่งตะไคร
ปากตะโก
ปังหวาน
ปากทรง
พระรักษ์
พะโต๊ะ
ทุ่งคาวัด
ทุ่งหลวง
ละแม
สวนแตง
เขาค่าย
เขาทะลุ
ขันเงิน
ท่ามะพลา
นาขา
นาพญา
บางน้ำจืด
บางมะพร้าว
บ้านควน
ปากน้ำ
พ้อแดง
วังตะกอ
หลังสวน
หาดยาย
แหลมทราย"
ชุมพร,1,นายเสือภูสิณ สุขปาน,4,จ่าเอกธีรสุต มีอินทร์,8,ว่าที่ร้อยตรีพิศาล นิลยกานนท์,9,"ขุนกระทิง
ตากแดด
ท่าตะเภา
ท่ายาง
ทุ่งคา
นาชะอัง
นาทุ่ง
บางหมาก
ปากน้ำ
วังไผ่
วิสัยเหนือ
หาดทรายรี
ครน
ด่านสวี
ท่าหิน
ทุ่งระยะ
นาโพธิ์
นาสัก
ปากแพรก
วิสัยใต้
สวี"
เชียงราย,5,นายเทอดชาติ ชัยพงษ์,6,นายสิริวัฒน์ นาโพนงาม,3,นายชูชาติ วิศิษฏ์ลานนท์,8,"ต้า
ป่าตาล
ยางฮอม
บุญเรือง
งิ้ว
เชียงเคี่ยน
ตับเต่า
ปล้อง
แม่ลอย
เวียง
ศรีดอนไชย
สันทรายงาม
หงาว
หนองแรด
ตาดควัน
เม็งราย
แม่ต๋ำ
แม่เปา
ไม้ยา"
เชียงราย,7,นายพิเชษฐ์ เชื้อเมืองพาน,9,นายประหยัด เสียงดัง,5,นายบัวสอน ประชามอญ,7,"ครึ่ง
ริมโขง
เวียง
ศรีดอนชัย
สถาน
ห้วยซ้อ
บ้านแซว
ป่าสัก
แม่เงิน
โยนก
เวียง
ศรีดอนมูล
โชคชัย
ปงน้อย
หนองป่าก่อ
จันจว้า
จันจว้าใต้
ท่าข้าม
ปอ
ม่วงยาย
หล่ายงาว"
เชียงราย,4,นางสาววิสาระดี เตชะธีราวัฒน์,4,นายเจริญ บุญเลิศ,6,นายสฤษฏ์ อึ้งอภินันท์,9,"ป่าแงะ
ป่าแดด
โรงช้าง
ศรีโพธิ์เงิน
สันมะค่า
เจริญเมือง
ดอยงาม
ทรายขาว
ทานตะวัน
ธารทอง
ป่าหุ่ง
ม่วงคำ
เมืองพาน
แม่เย็น
แม่อ้อ
เวียงห้าว
สันกลาง
สันติสุข
สันมะเค็ด
หัวง้ม
ดอยลาน
ห้วยสัก"
เชียงราย,1,ร้อยตำรวจเอกธนรัช จงสุทธานามณี,2,นายชิตวัน ชินอนุวัฒน์,3,นายอภิชิต ศิริชัย,5,"ดอยฮาง
ท่าสาย
บ้านดู่
ป่าอ้อดอนชัย
แม่กรณ์
แม่ยาว
รอบเวียง
ริมกก
เวียง
สันทราย
ห้วยชมภู"
เชียงราย,2,นางสาวปิยะรัฐชย์ ติยะไพรัช,4,นายรัตน์ธนวัตร พุทธจันทร์,5,นายสถิตพงศ์ พงษ์ธรบพิทย์,2,"ท่าสุด
นางแล
แม่ข้าวต้ม
ท่าข้าวเปลือก
ป่าซาง
ป่าตึง
แม่จัน
สันทราย
ดอนศิลา
ผางาม
เมืองชุม
เวียงชัย
เวียงเหนือ
ดงมหาวัน
ทุ่งก่อ
ป่าซาง"
เชียงราย,6,นายอิทธิเดช แก้วหลวง,1,นางจุฬาลักษณ์ ขันสุธรรม,2,นายอุดมเดช ดวงแก้ว,6,"จอมสวรรค์
แม่คำ
แม่ไร่
ศรีค้ำ
เทอดไทย
แม่ฟ้าหลวง
แม่สลองนอก
แม่สลองใน
เกาะช้าง
บ้านด้าย
โป่งงาม
โป่งผา
แม่สาย
เวียงพางคำ
ศรีเมืองชุม
ห้วยไคร้"
เชียงราย,3,นายวิกรม เตชะธีราวัฒน์,8,นายฐากูร ยะแสง,7,นายรชฎ อึ้งอภินันท์,9,"จอมหมอกแก้ว
ดงมะดะ
บัวสลี
ป่าก่อดำ
โป่งแพร่
เจดีย์หลวง
ท่าก๊อ
ป่าแดด
แม่พริก
แม่สรวย
วาวี
ศรีถ้อย
บ้านโป่ง
ป่างิ้ว
แม่เจดีย์
แม่เจดีย์ใหม่
เวียง
เวียงกาหลง
สันสลี"
เชียงใหม่,5,นายจุลพันธ์ อมรวิวัฒน์,7,นายสมชิด กันธะยา,6,นางวาสนา ทองสุข,3,"แจ่มหลวง
บ้านจันทร์
แม่แดด
กื้ดช้าง
ขี้เหล็ก
ช่อแล
บ้านช้าง
บ้านเป้า
ป่าแป๋
เมืองก๋าย
แม่แตง
แม่หอพระ
สบเปิง
สันป่ายาง
สันมหาพน
อินทขิล
ขี้เหล็ก
โป่งแยง
แม่แรม
ริมใต้
ริมเหนือ
สะลวง
สันโป่ง
ห้วยทราย
บ่อแก้ว
แม่สาบ
ยั้งเมิน
สะเมิงใต้
สะเมิงเหนือ"
เชียงใหม่,9,นายสุรพล เกียรติไชยากร,3,นายสมเกียรติ มีธรรม,1,นางสาวณัชชา โปธายี่,4,"ข่วงเปา
ดอยแก้ว
บ้านแปะ
บ้านหลวง
แม่สอย
สบเตี๊ยะ
ดอยหล่อ
ยางคราม
สองแคว
สันติสุข
ช่างเคิ่ง
แม่นาจร
แม่ศึก
ดอนเปา
ทุ่งปี๊
ทุ่งรวงทอง
บ้านกาด
แม่วิน"
เชียงใหม่,6,นายไกร ดาบธรรม,2,ว่าที่ร้อยตรีหญิงอรพรรณ จันตาเรือง,1,นายแทนคุณ นพรัตน์สังวาลย์,7,"เชียงดาว
ทุ่งข้าวพวง
ปิงโค้ง
เมืองคอง
เมืองงาย
เมืองนะ
แม่นะ
ศรีดงเย็น
หนองบัว
เขื่อนผาก
ทุ่งหลวง
น้ำแพร่
บ้านโป่ง
ป่าตุ้ม
ป่าไหน่
แม่ปั๋ง
แม่แวน
เวียง
สันทราย
โหล่งขอด
เปียงหลวง
เมืองแหง
แสนไห"
เชียงใหม่,7,นายนิธิกร วุฒินันชัย,7,นายสมดุลย์ อุตเจริญ,2,นายวรโชติ จี้เรือน,6,"ปงตำ
แม่ทะลบ
โป่งน้ำร้อน
ม่อนปิ่น
แม่ข่า
แม่คะ
แม่งอน
แม่สูน
เวียง
สันทราย
ท่าตอน
บ้านหลวง
มะลิกา
แม่นาวาง
แม่สาว
แม่อาย
สันต้นหมื้อ"
เชียงใหม่,10,นางสาวศรีโสภา โกฎคำลือ,1,นายณรงค์ชัย เตโม,5,พันตำรวจโทอดุลย์ คำมูล,9,"ดอยเต่า
ท่าเดื่อ
บงตัน
บ้านแอ่น
โปงทุ่ง
มืดกา
กองแขก
ท่าผา
บ้านทับ
ปางหินฝน
นาเกียน
ม่อนจอง
แม่ตื่น
ยางเปียง
สบโขง
อมก๋อย
นาคอเรือ
บ่อสลี
บ่อหลวง
บ้านตาล
หางดง
ฮอด"
เชียงใหม่,3,นางสาวทัศนีย์ บูรณุปกรณ์,10,นายณัฐพล โตวิจักษณ์ชัยกุล,4,นางสาววิภาพรรณ วงษ์สว่าง,9,"เชิงดอย
ตลาดขวัญ
ตลาดใหญ่
เทพเสด็จ
ป่าป้อง
ป่าเมี่ยง
ป่าลาน
แม่คือ
แม่โป่ง
แม่ฮ้อยเงิน
ลวงเหนือ
สง่าบ้าน
สันปูเลย
สำราญราษฎร์
ทาเหนือ
บ้านสหกรณ์
แม่ทา
ห้วยแก้ว
ออนกลาง
ออนเหนือ
ต้นเปา
ทรายมูล
แม่ปูคา
ร้องวัวแดง
สันกำแพง
ห้วยทราย
ออนใต้"
เชียงใหม่,1,นายจักรพล ตั้งสุทธิธรรม,1,นางสาวเพชรรัตน์ ใหม่ชมภู,2,นายภวฤทธิ์ กาญจนเกตุ,8,"ช้างคลาน
ช้างเผือก
ช้างม่อย
ป่าแดด
ป่าตัน
พระสิงห์
ฟ้าฮ่าม
แม่เหียะ
ศรีภูมิ
สันผีเสื้อ
สุเทพ
หายยา"
เชียงใหม่,2,นายโกวิทย์ พิริยะอานันต์,10,นางสาวการณิก จันทดา,8,ดาบตำรวจเกษมสันต์ ยศรุ่งโรจน์,9,"ท่าศาลา
วัดเกต
หนองป่าครั่ง
หนองหอย
แช่ช้าง
บวกค้าง
สันกลาง
ขัวมุง
ชมภู
ไชยสถาน
ดอนแก้ว
ท่ากว้าง
ท่าวังตาล
ป่าบง
ยางเนิ้ง
สันทราย
สารภี
หนองผึ้ง
หนองแฝก"
เชียงใหม่,4,นายวิทยา ทรงคำ,10,นางสาวพุธิตา ชัยอนันต์,5,นายบุญทา ชัยเลิศ,9,"ดอนแก้ว
แม่สา
เหมืองแก้ว
ป่าไผ่
เมืองเล็น
แม่แฝก
แม่แฝกใหม่
สันทรายน้อย
สันทรายหลวง
สันนาเม็ง
สันป่าเปา
สันพระเนตร
หนองจ๊อม
หนองหาร
หนองแหย่ง"
เชียงใหม่,8,นายณัฏฐ์พัฒน์ รัฐผไท,10,นายภัทรพงษ์ ลีลาภัทร์,7,นายปรเมธากร สวนแก้ว,8,"ท่าวังพร้าว
ทุ่งต้อม
ทุ่งสะโตก
น้ำบ่อหลวง
บ้านกลาง
บ้านแม
มะขามหลวง
มะขุนหวาน
แม่ก๊า
ยุหว่า
สันกลาง
ขุนคง
น้ำแพร่
บ้านปง
บ้านแหวน
สบแม่ข่า
สันผักหวาน
หนองแก๋ว
หนองควาย
หนองตอง
หางดง
หารแก้ว"
ตรัง,4,นายวิโรจน์ ทองโอเอี่ยม,10,นางสาวสุพรรษา มะเหร็ม,9,นายวรสิทธิ์ จิเหลา,5,"กันตัง
กันตังใต้
เกาะลิบง
คลองชีล้อม
คลองลุ
ควนธานี
โคกยาง
นาเกลือ
บ่อน้ำร้อน
บางเป้า
บางสัก
บางหมาก
ย่านซื่อ
วังวน
เกาะเปียะ
ทุ่งกระบือ
ทุ่งค่าย
ย่านตาขาว
กะลาเส
เขาไม้แก้ว
นาเมืองเพชร
บ่อหิน
ไม้ฝาด"
ตรัง,3,นางสาวสไบทิพย์ ลิประพันธ์,7,นายวิราว์ วัฒนกิจ,13,นายบุญโชค สังขาว,8,"โคกสะบ้า
ช่อง
นาข้าวเสีย
นาโยงเหนือ
นาหมื่นศรี
ละมอ
เกาะสุกร
ท่าข้าม
ท่าพญา
ทุ่งยาว
บางด้วน
บ้านนา
ปะเหลียน
ลิพัง
สุโสะ
แหลมสอม
นาชุมเห็ด
ในควน
โพรงจระเข้
หนองบ่อ
ตะเสะ
บ้าหวี
หาดสำราญ"
ตรัง,1,นางสาวสรวีย์ ภัทรอิสริยาไชย,6,นายศุภกร สุวรรณหมัด,7,นางอนัญญา สวัสดิสาร,9,"ควนปริง
โคกหล่อ
ทับเที่ยง
นาตาล่วง
นาโต๊ะหมิง
นาท่ามใต้
นาท่ามเหนือ
นาบินหลา
นาพละ
นาโยงใต้
น้ำผุด
บางรัก
บ้านควน
บ้านโพธิ์
หนองตรุด"
ตรัง,2,นายสุริยะ นันตสินธุ์,5,นายปรีชา ยอดยิ่ง,10,นายชรินทร์ ชูแก้ว,4,"เขาไพร
คลองปาง
ควนเมา
หนองบัว
หนองปรือ
เขาวิเศษ
ท่าสะบ้า
วังมะปราง
วังมะปรางเหนือ
อ่าวตง
เขากอบ
เขาขาว
เขาปูน
ท่างิ้ว
ทุ่งต่อ
นาวง
ในเตา
บางกุ้ง
บางดี
ปากคม
ปากแจ่ม
ลำภูรา
วังคีรี
หนองช้างแล่น
ห้วยนาง
ห้วยยอด"
ตราด,1,นายทินวัฒน์ เจียมอุย,4,นายศักดินัย นุ่มหนู,1,นายวีระชัย จูห้อง,6,"เกาะกูด
เกาะหมาก
เกาะช้าง
เกาะช้างใต้
เขาสมิง
ท่าโสม
ทุ่งนนทรี
เทพนิมิต
ประณีต
วังตะเคียน
สะตอ
แสนตุ้ง
คลองใหญ่
ไม้รูด
หาดเล็ก
ช้างทูน
ด่านชุมพล
นนทรีย์
บ่อพลอย
หนองบอน
ชำราก
ตะกาง
ท่ากุ่ม
ท่าพริก
เนินทราย
บางพระ
วังกระแจะ
หนองคันทรง
หนองเสม็ด
หนองโสน
ห้วงน้ำขาว
ห้วยแร้ง
แหลมกลัด
อ่าวใหญ่
คลองใหญ่
น้ำเชี่ยว
บางปิด
แหลมงอบ"
ตาก,3,นายดิฐชัย ฉันติกุล,9,นายสันติ ตะวันโตฉาย,7,นายนัสชัย มูลสาย,8,"ท่าสองยาง
แม่ต้าน
แม่วะหลวง
แม่สอง
แม่หละ
แม่อุสุ
เกาะตะเภา
ตากตก
ท้องฟ้า
ทุ่งกระเชาะ
ขะเนจื้อ
พระธาตุ
แม่จะเรา
แม่ตื่น
แม่ระมาด
สามหมื่น
ท่าสายลวด
แม่กาษา
แม่ปะ"
ตาก,1,นายสมชัยฐ์ หทยะตันย์ติ,8,นายคริษฐ์ ปานเนียม,10,นายกำธร บุญสา,3,"ตากออก
แม่สลิด
สมอโคน
เชียงเงิน
ตลุกกลางทุ่ง
น้ำรึม
ป่ามะม่วง
โป่งแดง
แม่ท้อ
ไม้งาม
ระแหง
วังประจบ
วังหิน
หนองบัวใต้
หนองบัวเหนือ
หนองหลวง
หัวเดียด
เชียงทอง
นาโบสถ์
ประดาง
บ้านนา
ยกกระบัตร
ย่านรี
วังจันทร์
วังหมัน
สามเงา"
ตาก,2,นายเทอดเกียรติ ชินสรนันท์,4,นายรัชต์พงศ์ สร้อยสุวรรณ,5,นายทิพย์ ฤาชัยตระกูล,1,"คีรีราษฎร์
ช่องแคบ
พบพระ
รวมไทยพัฒนา
วาเล่ย์
ด่านแม่ละเมา
พระธาตุผาแดง
พะวอ
มหาวัน
แม่กุ
แม่ตาว
แม่สอด
แม่กลอง
แม่จัน
แม่ละมุ้ง
โมโกร
หนองหลวง
อุ้มผาง"
นครนายก,2,นายเกรียงไกร กิตติธเนศวร,5,นายณรงศักดิ์ ส้มเกลี้ยง,6,,,"เขาเพิ่ม
ทองหลาง
บางอ้อ
บ้านนา
บ้านพร้าว
บ้านพริก
ป่าขะ
พิกุลออก
ศรีกะอาง
อาษา
คลองใหญ่
ชุมพล
ทรายมูล
บางปลากด
บางลูกเสือ
บางสมบูรณ์
บึงศาล
พระอาจารย์
โพธิ์แทน
ศีรษะกระบือ
องครักษ์"
นครนายก,1,พลตำรวจตรีสุรพล บุญมา,3,พลโทวีรากร ประกอบ,5,,,"เกาะโพธิ์
เกาะหวาย
โคกกรวด
ท่าเรือ
นาหินลาด
ปากพลี
หนองแสง
เขาพระ
ดงละคร
ดอนยอ
ท่าช้าง
ท่าทราย
นครนายก
บ้านใหญ่
พรหมณี
วังกระโจม
ศรีจุฬา
ศรีนาวา
สาริกา
หินตั้ง"
นครปฐม,3,นายทรงพล ชูศิลป์กุล,8,นางสาวภาชินี เหลืองเพิ่มสกุล,3,นายปกร มหาโยธา,7,"กระตีบ
กำแพงแสน
ดอนข่อย
ทุ่งกระพังโหม
ทุ่งขวาง
ทุ่งบัว
ทุ่งลูกนก
รางพิกุล
วังน้ำเขียว
สระสี่มุม
หนองกระทุ่ม
ห้วยขวาง
ห้วยหมอนทอง
ตาก้อง
ทัพหลวง
มาบแค
หนองงูเหลือม"
นครปฐม,4,นายวินัย วิจิตรโสภณ,10,นายกิตติภณ ปานพรหมมาศ,6,นายราชศักดิ์ สามไพบูลย์,2,"สระพัฒนา
ห้วยม่วง
ดอนพุทรา
ดอนรวก
บ้านหลวง
ลำลูกบัว
ลำเหย
สามง่าม
ห้วยด้วน
ห้วยพระ
คลองนกกระทุง
ดอนตูม
ไทรงาม
นราภิรมย์
นิลเพชร
บัวปากท่า
บางไทรป่า
บางปลา
บางภาษี
บางระกำ
บางเลน
บางหลวง
ไผ่หูช้าง
ลำพญา
หินมูล"
นครปฐม,5,นายมานพ คำหวาน,9,นายสาโรจน์ จุ้ยเจริญ,3,,,"ขุนแก้ว
โคกพระเจดีย์
งิ้วราย
ดอนแฝก
ท่ากระชับ
ท่าตำหนัก
ท่าพระยา
ไทยาวาส
นครชัยศรี
บางกระเบา
บางแก้ว
บางแก้วฟ้า
บางพระ
บางระกำ
พะเนียด
ลานตากฟ้า
วัดแค
วัดละมุด
วัดสำโรง
ศรีมหาโพธิ์
ศรีษะทอง
สัมปทวน
ห้วยพลู
แหลมบัว
คลองโยง
มหาสวัสดิ์
ศาลายา"
นครปฐม,1,นายสมชาย มณีรัตน์,5,นางสาวจารุพรรณ เพชรดี,1,นายพงศ์ธวัช เศรษฐพินิจ,6,"ดอนยายหอม
ถนนขาด
ธรรมศาลา
บางแขม
พระประโทน
วังเย็น
สระกะเทียม
สวนป่าน
สามควายเผือก
หนองดินแดง
คลองจินดา
คลองใหม่
ตลาดจินดา
ท่าตลาด
บางช้าง
หอมเกร็ด"
นครปฐม,2,นางสาวธนัญญา พันธุ์การรุ่ง,5,นางสาวศศนันท์ รัตนบรรเทิง,6,,,"ทุ่งน้อย
นครปฐม
บ่อพลับ
บ้านยาง
พระปฐมเจดีย์
โพรงมะเดื่อ
ลำพยา
วังตะกู
สนามจันทร์
หนองปากโลง
ห้วยจรเข้"
นครปฐม,6,นายธีรพงศ์ เย็นใจ,9,นายชิษณุพงศ์ ตั้งเมธากุล,8,นายรัตนชัย เตชะรัตนยืนยง,1,"กระทุ่มล้ม
ทรงคนอง
ท่าข้าม
บางกระทึก
บางเตย
บ้านใหม่
ยายชา
ไร่ขิง
สามพราน
อ้อมใหญ่"
นครพนม,2,นางมนพร เจริญศรี,2,นางสาวสุพิชญ์ชญา กิตติ์พรศิริกุล,8,ว่าที่ร้อยตรีถิรวัฒน์ จำปาไชยศรี,4,"ไชยบุรี
ท่าจำปา
ท่าอุเทน
โนนตาล
พนอม
พะทาย
รามราช
เวินพระบาท
หนองเทา
นาขมิ้น
นาใน
นาหัวบ่อ
บ้านค้อ
โพนจาน
โพนบก
โพนสวรรค์
ท่าค้อ
นาราชควาย
ในเมือง
หนองญาติ
หนองแสง
อาจสามารถ
หนองแสง
อาจสามารถ"
นครพนม,3,นายไพจิต ศรีวรขาน,2,นายศิริพงศ์ นานคงแนบ,3,นายพงษ์เทพ โรจน์วิรัตน์,10,"กุดฉิม
ดอนนางหงส์
ธาตุพนม
ธาตุพนมเหนือ
นาถ่อน
นาหนาด
น้ำก่ำ
ฝั่งแดง
พระกลางทุ่ง
โพนแพง
แสนพัน
อุ่มเหม้า
ขามเฒ่า
คำเตย
ดงขวาง
นาทราย
บ้านกลาง
โพธิ์ตาก
โคกหินแฮ่
ท่าลาด
นาขาม
นางาม
โพนทอง
เรณู
เรณูใต้
หนองย่างชิ้น"
นครพนม,4,นายณพจน์ศกร ทรัพยสิทธิ์,1,นายวุฒิพงษ์ มีบุญ,10,นายชวลิต วิชยสุทธิ์,5,"ก้านเหลือง
คำพี้
นาแก
นาคู่
นาเลียง
บ้านแก้ง
พระซอง
พิมาน
พุ่มแก
สีชมพู
หนองบ่อ
หนองสังข์
กุตาไก้
โคกสว่าง
โคกสูง
นามะเขือ
ปลาปาก
มหาชัย
หนองเทาใหญ่
หนองฮี
กุรุคุ
บ้านผึ้ง
วังตามัว
โคกสี
ยอดชาด
วังยาง
หนองโพธิ์"
นครพนม,1,นายภูมิพัฒน์ พชรทรัพย์,6,นายเทิดศักดิ์ แพงสาร,4,นายมานพ เหมพลชม,2,"ดอนเตย
นาทม
หนองซน
ท่าเรือ
นาคูณใหญ่
นางัว
นาหว้า
บ้านเสียว
เหล่าพัฒนา
นาเข
นางัว
บ้านแพง
ไผ่ล้อม
โพนทอง
หนองแวง
ท่าบ่อสงคราม
นาคำ
นาเดื่อ
บ้านข่า
บ้านเอื้อง
โพนสว่าง
ศรีสงคราม
สามผง
หาดแพง"
นครราชสีมา,6,นายโกศล ปัทมะ,6,นายสามารถ ธนกุลชัยสุข,1,นายธีรวีร์ ศรีนา,3,"แก้งสนามนาง
โนนสำราญ
บึงพะไล
บึงสำโรง
สีสุก
โนนจาน
บัวลาย
เมืองพะไล
หนองหว้า
กุดจอก
ขุนทอง
ดอนตะหนิน
ด่านช้าง
โนนทองหลาง
บัวใหญ่
เสมาใหญ่
หนองแจ้งใหญ่
หนองบัวสะอาด
ห้วยยาง
โนนประดู่
โพนทอง
สามเมือง
สีดา
หนองตาดใหญ่"
นครราชสีมา,4,นางสาวณัฐจิรา อิ่มวิเศษ,6,พันตำรวจโทอัครพงษ์ วรรณพงษ์,5,นายรณฤทธิ์ แน่นหนา,8,"ขามทะเลสอ
บึงอ้อ
โป่งแดง
พันดุง
หนองสรวง
ค้างพลู
ถนนโพธิ์
โนนไทย
บัลลังก์
บ้านวัง
มะค่า
สายออ
กุดจิก
โค้งยาง
โคราช
นากลาง
โนนค่า
บุ่งขี้เหล็ก
มะเกลือเก่า
มะเกลือใหม่
สูงเนิน
เสมา
หนองตะไก้"
นครราชสีมา,16,นายพรเทพ ศิริโรจนกุล,1,นายกรฉัตรชัย นาสมใจ,2,นายภานุมาศ แก้วนอก,4,"ขามสะแกแสง
ชีวึก
โนนเมือง
พะงาด
เมืองเกษตร
เมืองนาท
หนองหัวฟาน
ขามสมบูรณ์
คูขาด
ดอนใหญ่
ตาจั่น
เทพาลัย
โนนเต็ง
บ้านปรางค์
เมืองคง
หนองบัว
หนองมะนาว
โคกกระเบื้อง
ช่อระกา
บ้านเหลื่อม
วังโพธิ์
พังเทียม
สระพระ
หนองหอย"
นครราชสีมา,10,นายอภิชา เลิศพชรกมล,1,นายวุฒิศักดิ์ พิมพ์พิสาร,3,,,"ครบุรี
ครบุรีใต้
จระเข้หิน
เฉลียง
แชะ
บ้านใหม่
อรพิมพ์
พระพุทธ
หนองงูเหลือม
หนองยาง
กระโทก
โชคชัย
ด่านเกวียน
ท่าจะหลุง
ท่าเยี่ยม
ท่าลาดขาว
ท่าอ่าง
ทุ่งอรุณ
พลับพลา
ละลมใหม่พัฒนา"
นครราชสีมา,11,นายอาทิตย์ หวังศุภกิจโกศล,4,นายณฐพงศ์ สอบกิ่ง,2,,,"โคกกระชาย
ตะแบกบาน
มาบตะโกเอน
ลำเพียก
สระว่านพระยา
กุดโบสถ์
โนนสมบูรณ์
บ้านราษฎร์
สระตะเคียน
สุขไพบูลย์
เสิงสาง
ไทยเจริญ
บ้านใหม่
ลุงเขว้า
สารภี
หนองตะไก้
หนองบุนนาก
หนองไม้ไผ่
หนองหัวแรต
แหลมทอง"
นครราชสีมา,9,นายธีระยุทธ ตันติกุล,7,นายสมศักดิ์ บุญเสริฐ,5,,,"คลองเมือง
จักราช
ทองหลาง
ศรีละกอ
สีสุก
หนองขาม
หนองพลวง
หินโคน
ตลาดไทร
โนนตูม
กงรถ
งิ้ว
ตะโก
ทับสวาย
เมืองพลับพลา
หลุ่งตะเคียน
หลุ่งประดู่
ห้วยแคน
ห้วยแถลง
หินดาด"
นครราชสีมา,5,นายสมเกียรติ ตันดิลกตระกูล,4,นายเสนีย์ หาญศรี,1,,,"ช้างทอง
ท่าช้าง
ขามเฒ่า
จันอัด
ดอนชมพู
ดอนหวาย
ด่านคล้า
โตนด
ธารปราสาท
โนนสูง
บิง
พลสงคราม
มะค่า
เมืองปราสาท
ลำคอหงษ์
ลำมูล
หลุมข้าว
ใหม่
กระเบื้องใหญ่
ชีวาน
ท่าหลวง
สัมฤทธิ์"
นครราชสีมา,8,นายนิกร โสมกลาง,6,นายกำพล แจ่มศรี,4,,,"ชุมพวง
ท่าลาด
โนนยอ
โนนรัง
ประสุข
สาหร่าย
หนองหลัก
กระชอน
ดงใหญ่
ธารละหลอด
นิคมสร้างตนเอง
ในเมือง
โบสถ์
รังกาใหญ่
หนองระเวียง"
นครราชสีมา,15,นายรชตะ ด่านกุล,5,นางสาวพัชริดา กีรตินพดล,9,,,"กุดพิมาน
ด่านขุนทด
ด่านนอก
ด่านใน
ตะเคียน
โนนเมืองพัฒนา
บ้านเก่า
บ้านแปรง
พันชนะ
สระจรเข้
หนองกราด
หนองไทร
หนองบัวตะเกียด
หนองบัวละคร
ห้วยบง
หินดาด
บึงปรือ
วังยายทอง
สำนักตะคร้อ
หนองแวง
ทัพรั้ง
มาบกราด"
นครราชสีมา,7,นางสาวปิยะนุช ยินดีสุข,1,นายอุดม เพ็ชรอ่อน,6,,,"ดอนยาวใหญ่
โนนแดง
โนนตาเถร
วังหิน
สำพะเนียง
กระทุ่มราย
โคกกลาง
ดอนมัน
ตลาดไทร
ทุ่งสว่าง
นางรำ
โนนเพ็ด
ประทาย
เมืองโดน
วังไม้แดง
หนองค่าย
หนองพลวง
หันห้วยทราย
กระเบื้องนอก
โนนอุดม
เมืองยาง
ละหานปลาค้าว
ขุย
ช่องแมว
บ้านยาง
ไพล"
นครราชสีมา,3,นายวัฒนะชัย สืบศิริบุษย์,10,นายศุทธสิทธิ์ พจน์ฐศักดิ์,11,นายพัลลภ เสนาดี,7,"กำปัง
ด่านจาก
สำโรง
โคกกรวด
ไชยมงคล
บ้านใหม่
ปรุใหญ่
พลกรัง
พุดซา
สีมุม
สุรนารี
หนองกระทุ่ม
หนองจะบก
หมื่นไวย"
นครราชสีมา,12,นายนรเสฎฐ์ ศิริโรจนกุล,3,นายชรินทร์ ทำดี,7,นายวรพล บวรลัทธพล,1,"เกษมทรัพย์
โคกไทย
งิ้ว
ดอน
ตะขบ
ตะคุ
ตูม
ธงชัยเหนือ
นกออก
บ่อปลาทอง
ภูหลวง
เมืองปัก
ลำนางแก้ว
สะแกราช
สำโรง
สุขเกษม
ไทยสามัคคี
ระเริง
วังน้ำเขียว
วังหมี
อุดมทรัพย์"
นครราชสีมา,14,นายศิรสิทธิ์ เลิศด้วยลาภ,1,นายสาธิต ปิติวรา,7,นายภูวดล โรจนเมฆินทร์,6,"กลางดง
ขนงพระ
จันทึก
ปากช่อง
พญาเย็น
หนองน้ำแดง
หนองสาหร่าย
หมูสี"
นครราชสีมา,13,นายพชร จันทรรวงทอง,8,สิบเอกศุภวัฒน์ พันธ์นัทธีร์,6,นายคณะวัฒน์ อังสนานิวัฒน์,5,"คลองม่วง
โป่งตาลอง
วังกะทะ
วังไทร
กฤษณา
กุดน้อย
คลองไผ่
ดอนเมือง
บ้านหัน
มิตรภาพ
ลาดบัวขาว
วังโรงใหญ่
สีคิ้ว
หนองน้ำใส
หนองบัวน้อย
หนองหญ้าขาว"
นครราชสีมา,2,นายสมโภชน์ ประสาทไทย,7,นายปิยชาติ รุจิพรวศิน,1,นายบริพัตร กุมารบุญ,9,"โคกสูง
จอหอ
ตลาด
บ้านเกาะ
บ้านโพธิ์
พะเนา
มะเริง
หนองไข่น้ำ
หนองบัวศาลา
หนองระเวียง
หัวทะเล"
นครราชสีมา,1,ร้อยตำรวจเอกสุปชัย อินทรักษา,9,นายฉัตร สุภัทรวณิชย์,3,นายอัคคชา พรหมสูตร,2,"ในเมือง
โพธิ์กลาง
หนองไผ่ล้อม"
นครศรีธรรมราช,10,นางสาวปรมาภรณ์ บริบูรณ์,10,นางสาวนิชนา ลาภานันต์,7,นายภูริณัฐ ใจสนุก,2,"ขนอม
ควนทอง
ท้องเนียน
กลาย
ตลิ่งชัน
ท่าขึ้น
สระแก้ว
เขาน้อย
ฉลอง
ทุ่งปรัง
ทุ่งใส
เทพราช
เปลี่ยน
สิชล
สี่ขีด
เสาเภา"
นครศรีธรรมราช,5,นายนิภา ฝั่งชลจิตต์,9,นายเอกชัย ควรศิริ,6,นางสาวนงเยาว์ ประชุมทอง,3,"ควนหนองคว้า
ทุ่งโพธิ์
นาหมอบุญ
บ้านควนมุด
บ้านชะอวด
สามตำบล
ควนเกย
ควนชุม
ควนพัง
ร่อนพิบูลย์
เสาธง
หินตก
กำโลน
ขุนทะเล
เขาแก้ว
ท่าดี
ลานสกา"
นครศรีธรรมราช,8,พลตำรวจตรีเชาวศิลป์ บุญประดิษฐ์,8,นายปรีชานนท์ สรรพจิตต์,2,นางกชพร ราชรักษ์,5,"กะเปียด
จันดี
ฉวาง
นากะชะ
นาเขลียง
นาแว
ไม้เรียง
ละอาย
ไสหร้า
ห้วยปริก
ช้างกลาง
สวนขัน
หลักช้าง
แก้วแสน
ทุ่งสง
นาบอน
กะทูน
เขาพระ
ควนกลาง
พิปูน
ยางค้อม"
นครศรีธรรมราช,4,นายสมศักดิ์ เมธา,5,ร้อยตำรวจโทอุ้ง ธรรมปรีชา,3,พันตำรวจตรีสมคิด ไทรแก้ว,2,"เชียรเขา
ดอนตรอ
ทางพูน
สวนหลวง
เกาะขันธ์
ขอนหาด
เขาพระทอง
ควนหนองหงษ์
เคร็ง
ชะอวด
ท่าประจะ
ท่าเสม็ด
นางหลง
บ้านตูล
วังอ่าง
การะเกด
เขาพระบาท
เชียรใหญ่
ท้องลำเจียก
ท่าขนาน
บ้านกลาง
บ้านเนิน
แม่เจ้าอยู่หัว
เสือหึง
ไสหมาก"
นครศรีธรรมราช,7,นายวิชิตร โมสิกานนท์,1,นายพุฒิพงศ์ ลุ่ยจิ๋ว,5,นายศุภชัย เครือจันทร์,4,"คลองเส
ดุสิต
ถ้ำพรรณรา
เขาขาว
กรุงหยัน
กุแหระ
ท่ายาง
ทุ่งสัง
ทุ่งใหญ่
บางรูป
ปริก
บางขัน
บ้านนิคม
บ้านลำนาว
วังหิน"
นครศรีธรรมราช,9,นายจรัญ ศรีสุข,11,นายพีรกิตติ์ แก้วนก,4,นายพชร สงประเสริฐ,3,"ดอนตะโก
ท่าศาลา
ไทยบุรี
โพธิ์ทอง
โมคลาน
หัวตะพาน
ท่าศาลา
กรุงชิง
กะหรอ
นบพิตำ
นาเหรง
ทอนหงส์
นาเรียง
บ้านเกาะ
พรหมโลก
อินคีรี"
นครศรีธรรมราช,6,นายถาวรวัฒน์ คงแก้ว,1,นายปิยวัฒน์ สิริพันธ์พงศ์,8,นายภูมิไท ดีเป็นแก้ว,3,"กะปาง
เขาโร
ควนกรด
ชะมาย
ถ้ำใหญ่
ที่วัง
นาโพธิ์
นาไม้ไผ่
นาหลวงเสน
น้ำตก
ปากแพรก
หนองหงส์"
นครศรีธรรมราช,3,นายมนตรี เฉียบแหลม,7,นางสาวชนิศา ชูเมือง,4,นายเริงบพิธ เพชรคง,10,"เกาะทวด
ขนาบนาก
คลองกระบือ
คลองน้อย
ชะเมา
ท่าพยา
บางตะพง
บางพระ
บางศาลา
บ้านเพิง
บ้านใหม่
ปากพนัง
ปากพนังฝั่งตะวันตก
ปากพนังฝั่งตะวันออก
ปากแพรก
ป่าระกำ
หูล่อง
แหลมตะลุมพุก
เกาะเพชร
เขาพังไกร
ควนชะลิก
ทรายขาว
ท่าซอม
บางนบ
บ้านราม
รามแก้ว
หน้าสตน
หัวไทร
แหลม"
นครศรีธรรมราช,2,นายโชติ ชูสุวรรณ์,10,นายพสุธน โมคคัลลา กลับนุ้ย,2,นายอนุชา ขวัญคาวิน,9,"ช้างซ้าย
ท้ายสำเภา
นาพรุ
นาสาร
กำแพงเซา
ไชยมนตรี
ท่างิ้ว
ท่าซัก
นาเคียน
นาทราย
ปากพูน
ปากพูน
โพธิ์เสด็จ
มะม่วงสองต้น
นาเคียน"
นครศรีธรรมราช,1,นางสาวบุญฑริกา ยอดสุรางค์,2,นายปกรณ์ อารีกุล,3,นายสืบพงศ์ ธรรมชาติ,4,"คลัง
ท่าเรือ
ท่าไร่
ท่าไร่
ท่าวัง
ในเมือง
บางจาก
บางจาก
ปากนคร
ปากนคร
โพธิ์เสด็จ
นาเคียน"
นครสวรรค์,3,นายสัญชัย วงษ์สุนทร,11,นายนิรุด เรืองงาม,10,นายอำนาจ ยืนยง,2,"เก้าเลี้ยว
เขาดิน
มหาโพธิ
หนองเต่า
หัวดง
เกยไชย
โคกหม้อ
ฆะมัง
ชุมแสง
ทับกฤช
ทับกฤชใต้
ท่าไม้
บางเคียน
ไผ่สิงห์
พันลาน
พิกุล
หนองกระเจา
เจริญผล
ด่านช้าง
ตาขีด
ตาสัง
ท่างิ้ว
บางแก้ว
บางตาหงาย
บ้านแดน
บึงปลาทู
หนองกรด
หนองตางู
หูกวาง
อ่างทอง"
นครสวรรค์,2,นายทรงศักดิ์ ส่งเสริมอุดมชัย,5,นายธนา เฉยปัญญา,3,พันตำรวจโทกฤต เจริญผล,1,"โกรกพระ
นากลาง
เนินกว้าว
เนินศาลา
บางประมุง
บางมะฝ่อ
ยางตาล
ศาลาแดง
หาดสูง
เขากะลา
เขาทอง
ท่าน้ำอ้อย
น้ำทรง
นิคมเขาบ่อแก้ว
เนินมะกอก
พยุหะ
ม่วงหัก
ยางขาว
ย่านมัทรี
สระทะเล
บ้านแก่ง
พระนอน
หนองกรด
หนองกระโดน
หนองปลิง"
นครสวรรค์,6,นางสาวชุติมา เสรีรัฐ,3,ร้อยตำรวจโทธรัตนชัย เฉลยคาม,8,นายเสรี แจ้งจิต,5,"ชุมตาบง
ปางสวรรค์
แม่เปิน
เขาชนกัน
แม่เล่ย์
แม่วงก์
วังซ่าน
เนินขี้เหล็ก
บ้านไร่
มาบแก
ลาดยาว
วังม้า
วังเมือง
ศาลเจ้าไก่ต่อ
สร้อยละคร
สระแก้ว
หนองนมวัว
หนองยาว
ห้วยน้ำหอม"
นครสวรรค์,5,นายวรภัทร์ ตั้งภากรณ์,1,นายอิศราพร ดวงอุปะ,6,นายบรรหาญ ครุธหอม,10,"เขาชายธง
ตากฟ้า
พุนกยูง
ลำพยนต์
สุขสำราญ
หนองพิกุล
อุดมธัญญา
จันเสน
ช่องแค
ตาคลี
พรหมนิมิต
ลาดทิพรส
สร้อยทอง
หนองโพ
หนองหม้อ
ห้วยหอม
หัวหวาย
ตะคร้อ
โพธิ์ประสาท
สำโรงชัย"
นครสวรรค์,4,นายนุกูล แสงศิริ,4,นางสาวนริศร์ชา ชัยสุกัญญาสันต์,3,นายมนัส ก้อนทอง,5,"ดอนคา
ท่าตะโก
ทำนบ
พนมรอก
พนมเศษ
วังมหากร
วังใหญ่
สายลำโพง
หนองหลวง
หัวถนน
โคกเดื่อ
นาขอม
ไพศาลี
วังข่อย
วังน้ำลัด
ทุ่งทอง
ธารทหาร
วังบ่อ
หนองกลับ
หนองบัว
ห้วยถั่วใต้
ห้วยถั่วเหนือ
ห้วยร่วม
ห้วยใหญ่"
นครสวรรค์,1,นายกวี อัศวรัตน์,6,นายกฤษฐ์หิรัญ เลิศอุฤทธิ์ภักดี,2,นายภูริ เจริญผล,7,"กลางแดด
เกรียงไกร
แควใหญ่
ตะเคียนเลื่อน
นครสวรรค์ตก
นครสวรรค์ออก
บางพระหลวง
บางม่วง
บ้านมะเกลือ
บึงเสนาท
ปากน้ำโพ
วัดไทรย์"
นนทบุรี,8,นายภณณัฏฐ์ ศรีอินทร์สุทธิ์,4,นายนนท์ ไพศาลลิ้มเจริญกิจ,3,นายสุธี ทองสวัสดิ์,1,"ขุนศรี
ทวีวัฒนา
ไทรใหญ่
ราษฎร์นิยม
หนองเพรางาย
บางคูรัด
บางรักพัฒนา
บางรักใหญ่"
นนทบุรี,7,นายภูดิศ นนทพิมลชัย,8,นายเกียรติคุณ ต้นยาง,7,,,"คลองขวาง
ไทรน้อย
บางบัวทอง
พิมลราช
โสนลอย"
นนทบุรี,3,นางสาวปณรัศม์ วันชาญเวช,5,นายอนุสรณ์ แก้ววิเชียร,3,นายอนุศักดิ์ เรืองชู,9,"บางกรวย
บางขนุน
บางขุนกอง
บางคูเวียง
บางสีทอง
ปลายบาง
มหาสวัสดิ์
วัดชลอ
ศาลากลาง
บางไผ่"
นนทบุรี,5,นายนพดล แก้วสุพัฒน์,6,นายปรีติ เจริญศิลป์,1,,,"ละหาร
ลำโพ
เกาะเกร็ด
คลองข่อย
คลองพระอุดม
ท่าอิฐ
บางตะไนย์
บางพลับ
ปากเกร็ด
อ้อมเกร็ด
ไทรม้า"
นนทบุรี,6,นายมานะศักดิ์ จันทร์ประสงค์,6,นายคุณากร มั่นนทีรัย,1,,,"บางม่วง
บางแม่นาง
บางเลน
บางใหญ่
บ้านใหม่
เสาธงหิน"
นนทบุรี,4,นายมนตรี ตั้งเจริญถาวร,5,นายนพดล ทิพยชล,2,นายก้อง เพชรแก้ว,1,"คลองเกลือ
บางตลาด
บางพูด
บ้านใหม่"
นนทบุรี,2,นายจิรพงษ์ ทรงวัชราภรณ์,8,นางปัญญารัตน์ นันทภูษิตานนท์,7,นายวรวุฒิ ศรีนนท์,6,"ตลาดขวัญ
บางกร่าง
บางรักน้อย
บางศรีเมือง
สวนใหญ่"
นนทบุรี,1,นายนิยม ประสงค์ชัยกุล,7,นายสุรพันธ์ ไวยากรณ์,5,นางสาวจริยา มหายศนันทน์,3,"ท่าทราย
บางกระสอ
บางเขน"
นราธิวาส,4,นายปักสู แวนามะ,1,นายมะซอบือรี สามะ,8,นายสะอารี แมกองบือแน,7,"จะแนะ
ช้างเผือก
ดุซงญอ
ผดุงมาตร
กาลิซา
เฉลิม
ตันหยงมัส
ตันหยงลิมอ
บองอ
บาโงสะโต
มะรือโบตก
เกียร์
ภูเขาทอง
มาโมง
ร่มไทร
สุคิริน"
นราธิวาส,3,นายวีระศักดิ์ เตาะสาตู,7,,,,,"จวบ
บูกิต
มะรือโบออก
กายูคละ
ฆอเลาะ
แม่ดง
โละจูด
แว้ง
เอราวัณ
กาวะ
โต๊ะเด็ง
ปะลุรู
ริโก๋
สากอ
สุไหงปาดี"
นราธิวาส,2,นายสมพร จันทร์ชู,2,,,,,"เกาะสะท้อน
โฆษิต
เจ๊ะเห
นานาค
บางขุนทอง
พร่อน
ไพรวัน
ศาลาใหม่
ปาเสมัส
ปูโยะ
มูโนะ
สุไหงโก-ลก"
นราธิวาส,5,นายมูหามัดรอซากี เจ๊ะอุเซ็ง,7,นายโยฮัน สาตออุมา,8,นายพัครูรอยี สาและ,1,"กาเยาะมาตี
บาเจาะ
บาเระใต้
บาเระเหนือ
ปะลุกาสาเมาะ
ลุโบะสาวอ
โคกสะตอ
บาตง
รือเสาะ
รือเสาะออก
เรียง
ลาโละ
สามัคคี
สาวอ
สุวารี
กาหลง
เชิงคีรี
ซากอ
ตะมะยูง
ศรีบรรพต
ศรีสาคร"
นราธิวาส,1,นายสหรัฐ มุณีรัตน์,8,นางสาวอามีเน๊าะ อารง,5,นายโฅไมนี ดารายีสาฮอ,1,"กะลุวอ
กะลุวอเหนือ
โคกเคียน
บางนาค
บางปอ
มะนังตายอ
ลำภู
จอเบาะ
ตะปอเยาะ
ยี่งอ
ละหาร
ลุโบะบายะ
ลุโบะบือซา"
น่าน,3,นายณัฐพงษ์ สุปริยศิลป์,1,นายเจริญ อภิภัทรโกศล,3,นายสา บุญอินทร์,7,"ขุนน่าน
ห้วยโก๋น
เชียงกลาง
เชียงคาน
เปือ
พญาแก้ว
พระธาตุ
พระพุทธบาท
งอบ
ทุ่งช้าง
ปอน
และ
ดงพญา
บ่อเกลือใต้
บ่อเกลือเหนือ
ภูฟ้า
แงง
เจดีย์ชัย
ไชยวัฒนา
ปัว
ป่ากลาง
ภูคา
วรนคร
ศิลาเพชร
ศิลาแลง
สกาด
สถาน
อวน
ชนแดน
นาไร่หลวง
ยอด"
น่าน,1,นายทรงยศ รามสูต,6,นายเชาว์วิชญ์ อินน้อย,8,นายเศรษฐพงษ์ ธีรภาพวิเศษพงษ์,4,"จอมพระ
ตาลชุม
ท่าวังผา
ป่าคา
ผาตอ
ผาทอง
ยม
ริม
ศรีภูมิ
แสนทอง
ท่าน้าว
นาปัง
น้ำเกี๋ยน
น้ำแก่น
ฝายแก้ว
ม่วงตึ๊ด
เมืองจัง
กองควาย
ไชยสถาน
ดู่ใต้
ถืมตอง
นาซาว
ในเวียง
บ่อ
บ่อสวก
ผาสิงห์
เรือง
สะเนียน"
น่าน,2,นายชลน่าน ศรีแก้ว,1,นายอภิชาต จ่าแสน,6,นายสมคิด มงคลส่ง,7,"เชียงของ
นาน้อย
น้ำตก
บัวใหญ่
ศรีษะเกษ
สถาน
สันทะ
นาทะนุง
บ่อแก้ว
ปิงหลวง
เมืองลี
บ้านพี้
บ้านฟ้า
ป่าคาหลวง
สวด
น้ำปาย
น้ำพาง
แม่จริม
หนองแดง
หมอเมือง
กลางเวียง
ขึ่ง
จอมจันทร์
ตาลชุม
ทุ่งศรีทอง
นาเหลือง
น้ำปั้ว
น้ำมวบ
ปงสนุก
แม่ขะนิง
แม่สา
แม่สาคร
ยาบหัวนา
ส้าน
ส้านนาหนองใหม่
ไหล่น่าน
อ่ายนาไลย
ดู่พงษ์
ป่าแลวหลวง
พงษ์"
บึงกาฬ,2,นายไตรรงค์ ติธรรม,1,นายสำรวย ศรีทิน,4,นายณัฐพล เนื่องชมภู,7,"ซาง
เซกา
ท่ากกแดง
ท่าสะอาด
น้ำจั้น
บ้านต้อง
ป่งไฮ
โสกก่าม
หนองทุ่ม
ดงบัง
ท่าดอกคำ
บึงโขงหลง
โพธิ์หมากแข้ง
โคกกว้าง
บุ่งคล้า
หนองเดิ่น"
บึงกาฬ,3,นายนิพนธ์ คนขยัน,3,นายณัฐพงษ์ ป้องปิ่น,7,นายยุทธพงษ์ แสงศรี,5,"คำแก้ว
โซ่
ถ้ำเจริญ
บัวตูม
ศรีชมภู
หนองพันทา
เหล่าทอง
นากั้ง
นาดง
โนนศิลา
ปากคาด
สมสนุก
หนองยอง
ดอนหญ้านาง
ป่าแฝก
พรเจริญ
วังชมภู
ศรีชมภู
ศรีสำราญ
หนองหัวช้าง"
บึงกาฬ,1,นางสาวภัทรพร ราชป้องขันธ์,7,นายนาวินทร์ ลครแก้ว,5,นายมงคล สุระเสนา,6,"คำนาดี
โคกก่อง
ไคสี
ชัยพร
นาสวรรค์
โนนสมบูรณ์
โนนสว่าง
บึงกาฬ
โป่งเปือย
วิศิษฐ์
หนองเลิง
หอคำ
ชุมภูพร
นาสะแบง
นาสิงห์
นาแสง
ศรีวิไล"
บุรีรัมย์,3,ว่าที่ร้อยตรีเสนาะ พรหมสวัสดิ์,7,นายทรงพล ทะรารัมย์,4,นายจักรพงษ์ สงวนชม,1,"กระสัง
กันทรารมย์
ชุมแสง
บ้านปรือ
เมืองไผ่
ลำดวน
ศรีภูมิ
สองชั้น
สูงเนิน
หนองเต็ง
ห้วยสำราญ
โคกขมิ้น
ป่าชัน
โคกเหล็ก
ตาเสา
บ้านตะโก
เมืองโพธิ์
สนวน
สามแวง
ห้วยราช
ห้วยราชา"
บุรีรัมย์,5,นายเล็ง พยุงแสนกุล,2,นายธนากร สัมมาสาโก,4,นางสาวตีรณา อภิศรีเพชร,5,"คูเมือง
ตูมใหญ่
บ้านแพ
ปะเคียบ
หนองขมาร
หินเหล็กไฟ
ดอนกอก
นาโพธิ์
บ้านคู
บ้านดู่
ศรีสว่าง
กู่สวนแตง
แดงใหญ่
ทองหลาง
หนองเยือง
หนองแวง
บ้านจาน
บ้านเป้า
บ้านยาง
บ้านแวง
พุทไธสง
มะเฟือง
หายโศก"
บุรีรัมย์,6,นายประยูร เพ็งจันทร์,2,นายภูวดล ศรีหามาตย์,5,นายวันชัย นิลพยัคฆ์,9,"พรสำราญ
โคกกลาง
โคกล่าม
โคกสะอาด
ตลาดโพธิ์
ทะเมนชัย
บ้านยาง
บุโพธิ์
ผไทรินทร์
เมืองแฝก
ลำปลายมาศ
แสลงพัน
หนองกะทิง
หนองคู
หนองโดน
หนองบัวโคก
หินโคน
ไทยสามัคคี
สระทอง
เสาเดียว"
บุรีรัมย์,4,นายสุรศักดิ์ นาคดี,8,นายนันทภพ ทองนุ่น,4,นายประสิทธิ์ รัตนาประสิทธิ์,6,"แคนดง
ดงพลอง
สระบัว
หัวฝาย
โนนขวาง
วังเหนือ
กระสัง
ชุมแสง
ดอนมนต์
ท่าม่วง
ทุ่งวัง
นิคม
เมืองแก
ร่อนทอง
สตึก
สนามชัย
สะแก
หนองใหญ่"
บุรีรัมย์,8,นายสุรศักดิ์ เพชรสว่าง,6,นายวินัย จีนโน,1,นายฤทธิชัย เรืองพงศ์ไพศาล,8,"เจริญสุข
ถาวร
ก้านเหลือง
ชุมแสง
ถนนหัก
ทรัพย์พระยา
ทุ่งแสงทอง
นางรอง
บ้านสิงห์
ลำไทรโยง
สะเดา
หนองกง
หนองไทร
หนองโบสถ์
หนองยายพิมพ์
หนองโสน
หัวถนน
โนนดินแดง
ปะคำ
หูทำนบ"
บุรีรัมย์,9,นายสมนึก เฮงวาณิชย์,3,นายเสนาะ แก้วมุกดา,8,นายวีระ ดัดสำโรง,4,"ตาเป๊ก
ยายแย้มวัฒนา
อีสานเขต
ลำนางรอง
ส้มป่อย
จันทบเพชร
บ้านกรวด
บึงเจริญ
ปราสาท
หนองไม้งาม
โคกว่าน
ตาจง
ละหานทราย
สำโรงใหม่
หนองตะครอง
หนองแวง"
บุรีรัมย์,2,นายปรัญชญา ตรีกาญจนา,4,นายวิทธิลักษณ์ จันทร์ธนสมบัติ,5,นายนาท ฉัพพรรณธนกูร,6,"โคกสนวน
ช่อผกา
ชำนิ
เมืองยาง
ละลวด
หนองปล่อง
ไพศาล
จันดุม
สะเดา
สำโรง
เมืองฝาง
สวายจีก
สองห้อง
สะแกซำ
เสม็ด
หลักเขต
อิสาณ"
บุรีรัมย์,7,นายพรรณธนู วรรณกางซ้าย,10,นายสุพิศ คิดรอบ,2,นายพีรวัส พันธุ์สัมฤทธิ์,6,"โกรกแก้ว
ดงอีจาน
ทุ่งจังหัน
โนนสุวรรณ
โคกมะม่วง
ไทยเจริญ
หนองบัว
โคกสว่าง
โคกสูง
ดอนอะราง
ท่าโพธิ์ชัย
ทุ่งกระตาดพัฒนา
ทุ่งกระเต็น
บุกระสัง
เมืองไผ่
เย้ยปราสาท
หนองกี่
เมืองฝ้าย
สระแก้ว
หนองชัยศรี
ห้วยหิน"
บุรีรัมย์,10,นายจำรัส เวียงสงค์,7,นายต่อพงษ์ จีนใจน้ำ,6,นายการุณ ใสงาม,4,"เขาดินเหนือ
โนนเจริญ
สายตะกู
หินลาด
เขาคอก
โคกตูม
โคกมะขาม
โคกม้า
โคกย่าง
จรเข้มาก
ตะโกตาพิ
บ้านไทร
ประโคนชัย
ประทัดบุ
ปังกู
ละเวี้ย
สี่เหลี่ยม
แสลงโทน
หนองบอน"
บุรีรัมย์,1,นายพีรภัทร ทองธีรสกุล,6,นายธนายุทธ ยืนยั่ง,7,นายโอภาส ศุภจิตเมตตา,4,"บ้านด่าน
ปราสาท
กระสัง
กลันทา
ชุมเห็ด
ถลุงเหล็ก
ในเมือง
บัวทอง
บ้านบัว
บ้านยาง
พระครู
ลุมปุ๊ก
สะแกโพรง
หนองตาด"
ปทุมธานี,5,นายมนัสนันท์ หลีนวรัตน์,2,นายพิชัย ปิยะกาโส,5,,,"คลองเจ็ด
คลองสี่
คลองหก
คลองห้า
บึงยี่โถ
รังสิต
ลำผักกูด
นพรัตน์
บึงกาสาม
บึงชำอ้อ"
ปทุมธานี,3,นายยุทธศักดิ์ ชูประเสริฐ,2,นางสาวชลธิชา แจ้งเร็ว,9,นายนพนันทร์ หนูเจริญ,1,"คลองสอง
คลองสาม
คลองหนึ่ง"
ปทุมธานี,4,นายสุทิน นพขำ,4,นายสกล สุนทรวาณิชย์กิจ,5,นายขุนนเรศ อัครเดชาโภคิน,9,"คลองหนึ่ง
คลองสอง
ประชาธิปัตย์
สวนพริกไทย"
ปทุมธานี,7,นายยงยุทธ มั่นบุปผชาติ,1,นายประสิทธิ์ ปัทมผดุงศักดิ์,7,พันเอกมานพ ชมชู,6,"บึงน้ำรักษ์
บึงสนั่น
บึงคอไห
บึงคำพร้อย
บึงทองหลาง
พืชอุดม
ลำไทร
ลำลูกกา
บึงบอน
บึงบา
ศาลาครุ
หนองสามวัง"
ปทุมธานี,2,นายศุภชัย นพขำ,8,นายเจษฎา ดนตรีเสนาะ,1,,,"บางกะดี
บางขะแยง
บางคูวัด
บางปรอก
บางพูด
บางพูน
บ้านกระแชง
บ้านกลาง
บ้านใหม่
หลักหก"
ปทุมธานี,1,นายสุรพงษ์ อึ้งอัมพรวิไล,6,นายสรวีย์ ศุภปณิตา,3,นายรังสิต ใยยุง,5,"บางเดื่อ
บางหลวง
บ้านฉาง
คลองพระอุดม
คูขวาง
คูบางหลวง
บ่อเงิน
ระแหง
ลาดหลุมแก้ว
หน้าไม้
กระแชง
คลองควาย
เชียงรากน้อย
เชียงรากใหญ่
ท้ายเกาะ
บางกระบือ
บางเตย
บางโพธิ์เหนือ
บ้านงิ้ว
บ้านปทุม
สามโคก"
ปทุมธานี,6,นายชัยยันต์ ผลสุวรรณ์,8,นายเชตวัน เตือประโคน,4,พันจ่าอากาศเอกวิชัย หัสดี,9,"คูคต
ลาดสวาย"
ประจวบคีรีขันธ์,1,นายวัชรพล ปลั่งศรีสกุล,2,นายภูวดล ด่านรัตนชัย,6,นายพันธ์ศักดิ์ เพชรพิทักษ์ชน,3,"กุยบุรี
กุยเหนือ
เขาแดง
ดอนยายหนู
สามกระทาย
หาดขาม
ปากน้ำปราณ
ปากน้ำปราณ
เกาะหลัก
คลองวาฬ
บ่อนอก
ประจวบคีรีขันธ์
อ่าวน้อย
ไร่เก่า
ไร่ใหม่
ศาลาลัย
ศิลาลอย
สามร้อยยอด"
ประจวบคีรีขันธ์,3,นายจีราวัฒน์ กำบัง,1,นายอนุุชา รุ่งมรกต,8,,,"เขาล้าน
ทับสะแก
นาหูกวาง
แสงอรุณ
ห้วยยาง
อ่างทอง
กำเนิดนพคุณ
ชัยเกษม
ทองมงคล
ธงชัย
พงศ์ประศาสน์
แม่รำพึง
ร่อนทอง
ช้างแรก
ไชยราช
ทรายทอง
บางสะพาน
ปากแพรก
ห้วยทราย"
ประจวบคีรีขันธ์,2,นายพรเทพ วิสุทธิ์วัฒนศักดิ์,4,นางสาวกัลปังหา โพธิ์เอี่ยม ฟิงเค่อ,1,นายสุกฤษ รักเมือง,3,"เขาจ้าว
เขาน้อย
ปราณบุรี
วังก์พง
หนองตาแต้ม
ทับใต้
บึงนคร
หนองแก
หนองพลับ
ห้วยสัตว์ใหญ่
หัวหิน
หินเหล็กไฟ"
ปราจีนบุรี,3,นายคงกฤช หงษ์วิไล,8,นายสุนทร คมคาย,3,นายสมพงษ์ เฉลิมวุฒิศักดิ์,6,"กบินทร์
เขาไม้แก้ว
นนทรี
นาแขม
บ่อทอง
บ้านนา
เมืองเก่า
ย่านรี
ลาดตะเคียน
วังดาล
วังตะเคียน
วังท่าช้าง
หนองกี่
หาดนางแก้ว
แก่งดินสอ
ทุ่งโพธิ์"
ปราจีนบุรี,2,นายสมเกียรติ คำดำ,2,นายวุฒิพงศ์ ทองเหลา,7,พันจ่าอากาศเอกเอนก พรมที,3,"นาดี
บุพราหมณ์
สะพานหิน
สำพันตา
นาดี
เกาะลอย
คำโตนด
ดงบัง
บ้านหอย
บุฝ้าย
ประจันตคาม
โพธิ์งาม
หนองแก้ว
หนองแสง
กรอกสมบูรณ์
ดงกระทงยาม
ท่าตูม
บางกุ้ง
บ้านทาม
ศรีมหาโพธิ
สัมพันธ์
หนองโพรง
หัวหว้า
หาดยาง"
ปราจีนบุรี,1,นางกฤษณ์กมล แพงศรี,8,นายไพทูรย์ นาคหิรัญ,4,พันตำรวจเอกสมศักดิ์ นารอด,2,"กระทุ่มแพ้ว
บางกระเบา
บางขาม
บางเตย
บางแตน
บางปลาร้า
บางพลวง
บางยาง
บ้านสร้าง
โคกไม้ลาย
ดงขี้เหล็ก
ดงพระราม
ท่างาม
เนินหอม
โนนห้อม
บางเดชะ
บางบริบูรณ์
บ้านพระ
ไม้เค็ด
รอบเมือง
วัดโบสถ์
หน้าเมือง
คู้ลำพัน
โคกไทย
โคกปีบ
ไผ่ชะเลือด"
ปัตตานี,4,นายอาหมัดบูรฮัน ติพอง,3,นายโมฮำมัดรอฮมัด มามุ,2,นายอาลีฟ มาแฮ,9,"กะรุบี
ตะโละดือรามัน
ปล่องหอย
ควน
คอกกระบือ
ดอน
ท่าข้าม
ท่าน้ำ
บ้านกลาง
บ้านนอก
บ้านน้ำบ่อ
ปะนาเระ
พ่อมิ่ง
ดอนทราย
ตะโละไกรทอง
ไทรทอง
ไม้แก่น
กะดุนง
ตะบิ้ง
ตะลุบัน
เตราะบอน
ทุ่งคล้า
บางเก่า
บือเระ
ปะเสยะวอ
แป้น
มะนังดาลำ
ละหาร"
ปัตตานี,2,นายอดิศักดิ์ สาหลำ,7,นายอับดุลเราะมัน สายาดะ,1,นางสาวนาซีฮะห์ ลาเตะ,6,"ควนโนรี
โคกโพธิ์
ช้างให้ตก
ทรายขาว
ท่าเรือ
ทุ่งพลา
นาเกตุ
นาประดู่
บางโกระ
ปากล่อ
ป่าบอน
มะกรูด
เกาะเปาะ
คอลอตันหยง
ดอนรัก
ดาโต๊ะ
ตุยง
ท่ากำชำ
บ่อทอง
บางเขา
บางตาวา
ปุโละปุโย
ยาบี
ลิปะสะโง"
ปัตตานี,3,นายรุสดี แวบือซา,4,นายมาหามะคอดาปี สมวงค์,3,นายอิบรอฮิม ยานยา,6,"ตะโละแมะนา
น้ำดำ
ปากู
พิเทน
ป่าไร่
ม่วงเตี้ย
แม่ลาน
กระโด
กอลำ
เขาตูม
คลองใหม่
ประจัน
ปิตูมุดี
เมาะมาวี
ยะรัง
ระแว้ง
วัด
สะดาวา
สะนอ"
ปัตตานี,5,นายนาวี หะยีดอเลาะ,3,นายอัดนันต์ อาแว,7,,,"กระเสาะ
กระหวะ
เกาะจัน
ตรัง
ถนน
ปะโด
ปานัน
มายอ
ลางา
ลุโบะยิไร
สะกำ
สาคอใต้
สาคอบน
จะรัง
ตอหลัง
ตะโละ
ตะโละกาโปร์
ตันหยงจึงงา
ตันหยงดาลอ
ตาแกะ
ตาลีอายร์
บางปู
บาโลย
ปิยามุมัง
ปุลากง
มะนังยง
ยามู
ราตาปันยัง
สาบัน
หนองแรต
แหลมโพธิ์"
ปัตตานี,1,นายอภิศักดิ์ หะยีมะ,1,นายชาญชัย ศรีสุด,10,นายชลิต ศรีสมาน,9,"กะมิยอ
คลองมานิง
จะบังติกอ
ตะลุโบะ
ตันหยงลุโละ
บานา
บาราโหม
บาราเฮาะ
ปะกาฮะรัง
ปุยุด
รูสะมิแล
สะบารัง
อาเนาะรู"
พระนครศรีอยุธยา,2,นายสุรเชษฐ์ ชัยโกศล,9,นายชริน วงศ์พันธ์เที่ยง,5,,,"จำปา
ท่าเจ้าสนุก
ท่าเรือ
ท่าหลวง
บ้านร่อม
ปากท่า
โพธิ์เอน
วังแดง
ศาลาลอย
หนองขนาก
คลองสะแก
ท่าช้าง
นครหลวง
บ่อโพง
บางพระครู
บางระกำ
บ้านชุ้ง
ปากจั่น
พระนอน
แม่ลา
สามไถ
หนองปลิง
ขยาย
ขวัญเมือง
ตานิม
ตาลเอน
ทับน้ำ
ทางกลาง
บางเดื่อ
บางนางร้า
บางปะหัน
บางเพลิง
บ้านขล้อ
บ้านม้า
บ้านลี่
พุทเลา
โพธิ์สามต้น
เสาธง
หันสัง
คลองน้อย
บ้านแพรก
บ้านใหม่
สองห้อง
สำพะเนียง
กะทุ่ม
เจ้าปลุก
ท่าตอ
น้ำเต้า
บางนา
บ้านขวาง
บ้านนา
บ้านใหม่
พิตเพียน
มหาราช
โรงช้าง
หัวไผ่"
พระนครศรีอยุธยา,5,นายจิรทัศ ไกรเดชา,4,นางสาวเจริญขวัญ จันทรวิจิตร,3,นายเสรภณ การสมพรต,9,"แก้วฟ้า
เต่าเล่า
เทพมงคล
บางซ้าย
ปลายกลัด
วังพัฒนา
กุฎี
โคกช้าง
จักราช
ดอนลาน
ตาลาน
ท่าดินแดง
นาคู
บ้านแค
บ้านใหญ่
ผักไห่
ลาดชิด
ลาดน้ำเค็ม
ลำตะเคียน
หนองน้ำใหญ่
หน้าโคก
อมฤต
คลองพระยาบันลือ
คู้สลอด
พระยาบันลือ
ลาดบัวหลวง
สามเมือง
สิงหนาท
หลักชัย
เจ้าเจ็ด
เจ้าเสด็จ
ชายนา
ดอนทอง
บางนมโค
บ้านกระทุ่ม
บ้านแถว
บ้านแพน
บ้านโพธิ์
บ้านหลวง
มารวิชัย
รางจรเข้
ลาดงา
สามกอ
สามตุ่ม
เสนา
หัวเวียง"
พระนครศรีอยุธยา,4,นายอาทิตย์ ภาคอินทรีย์,6,นายวีระยุทธ ใยวังหน้า,7,,,"กกแก้วบูรพา
กระแชง
แคตก
แคออก
โคกช้าง
ช้างน้อย
ช่างเหล็ก
ช้างใหญ่
เชียงรากน้อย
บางไทร
บางพลี
บางยี่โท
บ้านกลึง
บ้านเกาะ
บ้านแป้ง
บ้านม้า
ไผ่พระ
โพแตง
ไม้ตรา
ราชคราม
สนามชัย
หน้าไม้
ห่อหมก
เกาะเกิด
ขนอนหลวง
คลองจิก
คุ้งลาน
เชียงรากน้อย
ตลาดเกรียบ
ตลิ่งชัน
บางกระสั้น
บางประแดง
บ้านกรด
บ้านแป้ง
บ้านพลับ
บ้านโพ
บ้านเลน
บ้านสร้าง
บ้านหว้า
วัดยม
สามเรือน"
พระนครศรีอยุธยา,1,นายอัณณพ อารีย์วงศ์สกุล,5,นายทวิวงศ์ โตทวิวงศ์,7,นายปมุข ภาคย์สุภาพ,3,"กบเจา
ทางช้าง
ไทรน้อย
น้ำเต้า
บางชะนี
บางบาล
บางหลวง
บางหลวงโดด
บางหัก
บ้านกุ่ม
บ้านคลัง
พระขาว
มหาพราหมณ์
วัดตะกู
วัดยม
สะพานไทย
กะมัง
เกาะเรียน
คลองตะเคียน
คลองสระบัว
คลองสวนพลู
ท่าวาสุกรี
บ้านเกาะ
บ้านป้อม
บ้านรุน
บ้านใหม่
ประตูชัย
ปากกราน
ไผ่ลิง
ภูเขาทอง
ลุมพลี
วัดตูม
สวนพริก
สำเภาล่ม
หอรัตนไชย
หันตรา
หัวรอ"
พระนครศรีอยุธยา,3,นายองอาจ วชิรพงศ์,9,นางสาวปานรดา ปัณณธรวรเมธ,8,พันตำรวจโทศุภมงคล ถนอมนิ่ม,4,"กระจิว
โคกม่วง
ดอนหญ้านาง
ไผ่ล้อม
พระแก้ว
ภาชี
ระโสม
หนองน้ำใส
ข้าวงาม
ชะแมบ
บ่อตาโล่
พยอม
ลำตาเสา
ลำไทร
วังจุฬา
วังน้อย
สนับทึบ
หันตะเภา
ข้าวเม่า
คานหาม
ธนู
บ้านช้าง
บ้านหีบ
โพสาวหาญ
สามบัณฑิต
เสนา
หนองน้ำส้ม
หนองไม้ซุง
อุทัย"
พะเยา,2,พลตำรวจตรีธรรมนูญ มั่นคง,4,นายวิทวัส รัชตาจ้าย,2,,,"จุน
ทุ่งรวงทอง
พระธาตุขิงแกง
ลอ
หงส์หิน
ห้วยข้าวก่ำ
ห้วยยางขาม
เจดีย์คำ
เชียงบาน
ทุ่งผาสุข
น้ำแวน
ฝายกวาง
แม่ลาว
ร่มเย็น
เวียง
หย่วน
อ่างทอง
เชียงแรง
ทุ่งกล้วย
ป่าสัก
ภูซาง
สบบง"
พะเยา,3,นายอำนาจ วิชัย,7,นายชัยประพันธ์ สิงห์ชัย,4,นายสมหวัง วรกิจพาณิชย์,2,"เชียงม่วน
บ้านมาง
สระ
คือเวียง
ดงสุวรรณ
ดอกคำใต้
ดอนศรีชุม
บ้านถ้ำ
บ้านปิน
บุญเกิด
ป่าซาง
สว่างอารมณ์
สันโค้ง
หนองหล่ม
ห้วยลาน
ขุนควร
ควร
งิม
นาปรัง
ปง
ผาช้างน้อย
ออย
ดงเจน
แม่อิง
ห้วยแก้ว"
พะเยา,1,นายศุภชาติ ฟองจำ,5,นายวิสา บุญนัดดา,2,,,"จำป่าหวาย
ท่าจำปี
ท่าวังทอง
บ้านต๋อม
บ้านต๊ำ
บ้านตุ่น
บ้านสาง
บ้านใหม่
แม่กา
แม่ต๋ำ
แม่นาเรือ
แม่ปืม
แม่ใส
เวียง
สันป่าม่วง
เจริญราษฎร์
บ้านเหล่า
ป่าแฝก
แม่ใจ
แม่สุก
ศรีถ้อย"
พังงา,2,นายกฤษ ศรีฟ้า,4,,,นายต่อศักดิ์ ศุภวิเศษ,3,"กะปง
ท่านา
รมณีย์
เหมาะ
เหล
เกาะพระทอง
คุระ
บางวัน
แม่นางขาว
เกาะคอเขา
คึกคัก
โคกเคียน
ตะกั่วป่า
ตำตัว
บางไทร
บางนายสี
บางม่วง
ท้ายเหมือง
ทุ่งมะพร้าว
นาเตย
บางทอง
ลำแก่น
ลำภี"
พังงา,1,นายธะเนต นาวาล่อง,5,นายธีรุตม์ สันหวัง,3,นางนิตยา ราชานา,6,"เกาะยาวน้อย
เกาะยาวใหญ่
พรุใน
กระโสม
กะไหล
คลองเคียน
โคกกลอย
ถ้ำ
ท่าอยู่
หล่อยูง
โคกเจริญ
ถ้ำทองหลาง
ทับปุด
บ่อแสน
บางเหรียง
มะรุ่ย
เกาะปันหยี
ตากแดด
ถ้ำน้ำผุด
ท้ายช้าง
ทุ่งคาโงก
นบปริง
บางเตย
ป่ากอ
สองแพรก"
พัทลุง,3,พันตำรวจเอกชมพล ขุนอักษร,9,นายศุภกร ขุนชิต,2,นายกรีณรงค์ ชาตรี,7,"กงหรา
คลองเฉลิม
คลองทรายขาว
คลองใหญ่
ตะโหมด
แม่ขรี
โคกสัก
ท่ามะเดื่อ
นาปะขอ
เกาะนางคำ
เกาะหมาก
ดอนทราย
ดอนประดู่
ปากพะยูน
ฝาละมี
หารเทา
โคกทราย
ทุ่งนารี
ป่าบอน
วังใหม่
หนองธง"
พัทลุง,2,นางสาวณิชชา แก้วนุ้ย,10,นายพีระ พูลสง,9,นายสุพจน์ ดำแก้ว,6,"ชะรัด
สมหวัง
ควนขนุน
ชะมวง
ดอนทราย
โตนดด้วน
ทะเลน้อย
นาขยาด
ปันแต
พนมวังก์
พนางตุง
แพรกหา
มะกอกเหนือ
แหลมโตนด
เกาะเต่า
บ้านพร้าว
ป่าพะยอม
ลานข่อย
ชุมพล
บ้านนา
ลำสินธุ์
อ่างทอง
เขาปู่
เขาย่า
ตะแพน"
พัทลุง,1,นายชัยจรงค์ ฤทธิสุนทร,10,นางสาวสุภาพร สงชู,9,นางสาวณรากาญจน์ บุญนวล,8,"เขาชัยสน
ควนขนุน
โคกม่วง
จองถนน
หานโพธิ์
เขาเจียก
ควนมะพร้าว
คูหาสวรรค์
โคกชะงาย
ชัยบุรี
ตำนาน
ท่าแค
ท่ามิหรำ
นาท่อม
นาโหนด
ปรางหมู่
พญาขัน
ร่มเมือง
ลำปำ"
พิจิตร,2,นายภูดิท อินสุวรรณ์,8,นายดุษฎี บัวเขียว,2,,,"วังงิ้ว
วังงิ้วใต้
สำนักขุนเณร
ห้วยพุก
ห้วยร่วม
คลองคูณ
งิ้วราย
ดงตะขบ
ตะพานหิน
ทับหมัน
ทุ่งโพธิ์
ไทรโรงโขน
ไผ่หลวง
วังสำโรง
วังหลุม
วังหว้า
หนองพยอม
ห้วยเกตุ
เขาเจ็ดลูก
เขาทราย
ทับคล้อ
ท้ายทุ่ง
วังทรายพูน
หนองปล้อง
หนองปลาไหล
หนองพระ
คลองทราย
ท่าเยี่ยม
วังทับไทร
สากเหล็ก
หนองหญ้าไทร"
พิจิตร,3,นายวิชัย ด่านรุ่งโรจน์,8,นายจักรพงศ์ บุบผา,4,,,"เนินมะกอก
บางไผ่
บางมูลนาก
ภูมิ
ลำประดา
วังกรด
วังตะกู
วังสำโรง
ห้วยเขน
หอไกร
บางลาย
บึงนาราง
โพธิ์ไทรงาม
ห้วยแก้ว
แหลมรัง
ทะนง
ท่าขมิ้น
ท่านั่ง
ท่าบัว
ท้ายน้ำ
ท่าเสา
ทุ่งน้อย
บางคลาน
บ้านน้อย
โพทะเล
วัดขวาง
ดงเสือเหลือง
ทุ่งใหญ่
เนินสว่าง
ไผ่ท่าโพ
ไผ่รอบ
โพธิ์ประทับช้าง
วังจิก"
พิจิตร,1,นายปุณยวัจน์ เหลืองวิจิตร,2,นายชัยณรงค์ คล้ายเนียม,7,นายชนกฤดิ โหมอ่อน,5,"คลองคะเชนทร์
ฆะมัง
ดงกลาง
ดงป่าคำ
ท่าหลวง
ท่าฬ่อ
ในเมือง
บ้านบุ่ง
ปากทาง
ป่ามะคาบ
ไผ่ขวาง
เมืองเก่า
ย่านยาว
โรงช้าง
สายคำโห้
หัวดง
บ้านนา
บึงบัว
วังโมกข์
หนองหลุม
กำแพงดิน
เนินปอ
รังนก
สามง่าม
หนองโสน"
พิษณุโลก,5,นายธนวิน โรจน์สุนทรกิตติ,7,นายศุภปกรณ์ กิตยาธิคุณ,6,นายชนะชน อ่อนอ้าย,2,"ชาติตระการ
ท่าสะแก
บ่อภาค
บ้านดง
ป่าแดง
สวนเมี่ยง
ชาติตระการ
ป่าแดง
นครชุม
นครไทย
นาบัว
น้ำกุ่ม
เนินเพิ่ม
บ่อโพธิ์
บ้านพร้าว
บ้านแยง
ยางโกลน
หนองกะท้าว
ห้วยเฮี้ย
คันโช้ง
ท้อแท้
ท่างาม
บ้านยาง
วัดโบสถ์
หินลาด
ท่างาม
ท้อแท้
วัดโบสถ์"
พิษณุโลก,3,นายจเด็ศ จันทรา,2,นายโชดดี สายนำพามีลาภ,8,นายจงกล พลับพลา,6,"ชมพู
ไทรย้อย
เนินมะปราง
บ้านน้อยซุ้มขี้เหล็ก
บ้านมุง
วังโพรง
วังยาง
เนินมะปราง
แก่งโสภา
ชัยนาม
ดินทอง
ท่าหมื่นราม
บ้านกลาง
พันชาลี
แม่ระกา
วังทอง
วังนกแอ่น
วังพิกุล
หนองพระ
วังทอง
วังทอง"
พิษณุโลก,4,นางสาวพิมพ์พิชชา ชัยศุภกิจเจริญ,5,นางสาวชุตินันต์ ชญาณ์นันท์โภคิน,2,นายบุรินทร์ เที่ยงตรง,1,"โคกสลุด
ท่าตาล
นครป่าหมาก
เนินกุ่ม
บางกระทุ่ม
บ้านไร่
ไผ่ล้อม
วัดตายม
สนามคลี
บางกระทุ่ม
เนินกุ่ม
วัดตายม
คุยม่วง
ชุมแสงสงคราม
ท่านางงาม
นิคมพัฒนา
บ่อทอง
บางระกำ
บึงกอก
ปลักแรด
พันเสา
วังอิทก
หนองกุลา
ปลักแรด
บางระกำ
งิ้วงาม
ท่าโพธิ์"
พิษณุโลก,2,นายนพพล เหลืองทองนารา,10,นายมีดี บัวแก้ว,2,นายอนิรุทธิ์ เลิศสุคนธ์,1,"ดงประคำ
ตลุกเทียม
ทับยายเชียง
ท่าช้าง
พรหมพิราม
มะต้อง
มะตูม
วงฆ้อง
วังวน
ศรีภิรมย์
หนองแขม
หอกลอง
มะต้อง
วงฆ้อง
พรหมพิราม
จอมทอง
ดอนทอง
บ้านกร่าง
บ้านป่า
ปากโทก
ไผ่ขอดอน
มะขามสูง
สมอแข
หัวรอ"
พิษณุโลก,1,นางสาวณัฐทรัชต์ ชามพูนท,1,นายปดิพัทธ์ สันติภาดา,9,นายมงคล เหลี่ยมวัฒนกุล,3,"ท่าทอง
ในเมือง
บ้านคลอง
บึงพระ
พลายชุมพล
วังน้ำคู้
วัดจันทร์
วัดพริก
วังน้ำคู้
วัดพริก
อรัญญิก"
เพชรบุรี,3,นายภานุมาศ อังกินันทน์,5,นายวรนารถ เพชรอำ นันทกิจ,3,,,"แก่งกระจาน
ป่าเด็ง
พุสวรรค์
วังจันทร์
สองพี่น้อง
ห้วยแม่เพรียง
เขาย้อย
ทับคาง
บางเค็ม
สระพัง
หนองชุมพล
หนองชุมพลเหนือ
หนองปรง
หนองปลาไหล
ห้วยท่าช้าง
ห้วยโรง
ตำหรุ
ถ้ำรงค์
ท่าช้าง
ท่าเสน
บ้านทาน
บ้านลาด
บ้านหาด
โรงเข้
ไร่โคก
ไร่มะขาม
ไร่สะท้อน
ลาดโพธิ์
สมอพลือ
สะพานไกร
หนองกระเจ็ด
หนองกะปุ
ห้วยข้อง
ห้วยลึก
บางตะบูน
บางตะบูนออก
บ้านแหลม
ท่าตะคร้อ
ยางน้ำกลัดใต้
ยางน้ำกลัดเหนือ
หนองหญ้าปล้อง"
เพชรบุรี,2,นายชัยณาม ว่องไว,2,นายหัสพันธ์ เสมเถื่อน,6,,,"เขาใหญ่
ชะอำ
ดอนขุนห้วย
นายาง
บางเก่า
ไร่ใหม่พัฒนา
สามพระยา
หนองศาลา
ห้วยทรายเหนือ
กลัดหลวง
เขากระปุก
ท่าคอย
ท่าไม้รวก
ท่ายาง
ท่าแลง
บ้านในดง
ปึกเตียน
มาบปลาเค้า
ยางหย่อง
วังไคร้
หนองจอก"
เพชรบุรี,1,นายกิตติ ทรัพย์วิสุทธิ์,9,นายมังกร เจริญผล,5,,,"ท่าแร้ง
ท่าแร้งออก
บางแก้ว
บางขุนไทร
บางครก
ปากทะเล
แหลมผักเบี้ย
คลองกระแชง
ช่องสะแก
ดอนยาง
ต้นมะพร้าว
ต้นมะม่วง
ท่าราบ
ธงชัย
นาพันสาม
นาวุ้ง
บางจาก
บางจาน
บ้านกุ่ม
บ้านหม้อ
โพพระ
โพไร่หวาน
ไร่ส้ม
วังตะโก
เวียงคอย
สำมะโรง
หนองขนาน
หนองพลับ
หนองโสน
หัวสะพาน
หาดเจ้าสำราญ"
เพชรบูรณ์,3,นายจำเนียร โฉมงาม,1,นายศิริวิชช์ ทองคำ,4,นายธนากร ก้อนมณี,6,"เข็กน้อย
เขาค้อ
แคมป์สน
ทุ่งสมอ
ริมสีม่วง
สะเดาะพง
หนองแม่นา
ตาดกลอย
นาเกาะ
นาซำ
นาแซง
บ้านเนิน
วังบาล
ศิลา
หล่มเก่า
หินฮาว
ท่าอิบุญ
น้ำก้อ
น้ำชุน
น้ำเฮี้ย
บุ่งคล้า
บุ่งน้ำเต้า
ฝายนาแซง
สักหลง
หนองสว่าง"
เพชรบูรณ์,4,นายทวีศักดิ์ อนรรฆพันธ์,7,นายหลุย บุญสะอาด,4,นายทองมา ทองอ่ำ,6,"ชนแดน
ซับพุทรา
ดงขุย
ตะกุดไร
ท่าข้าม
บ้านกล้วย
พุทธบาท
ลาดแค
ศาลาลาย
ซับเปิบ
ท้ายดง
วังโป่ง
วังศาล
วังหิน
นาเฉลียง
บัววัฒนา
ยางงาม
หนองไผ่
หนองไผ่
ห้วยโป่ง
นาเฉลียง
ยางงาม"
เพชรบูรณ์,2,นายชัยณรงค์ สืบสุรีย์กุล,8,นายยุทธชัย คำตัด,3,นายสัญญาลักษณ์ ยาทองไทย,5,"โคกมน
น้ำหนาว
วังกวาง
หลักด่าน
ท่าพล
นางั่ว
ป่าเลา
ช้างตะลูด
ตาลเดี่ยว
บ้านกลาง
บ้านติ้ว
บ้านไร่
บ้านโสก
บ้านหวาย
ปากช่อง
ปากดุก
ลานบ่า
วัดป่า
หนองไขว่
หล่มสัก
ห้วยไร่"
เพชรบูรณ์,5,นายสุประวีณ์ อนรรฆพันธ์,7,นายนันทวัฒน์ บุญถูก,2,นายมิตภูมิ แสนจ๊ะ,4,"กันจุ
ซับไม้แดง
ซับสมอทอด
บึงสามพัน
พญาวัง
วังพิกุล
ศรีมงคล
สระแก้ว
หนองแจง
โคกปรง
บึงกระจับ
ยางสาว
สามแยก
กองทูล
ท่าด้วง
ท่าแดง
บ่อไทย
บ้านโภชน์
เพชรละคร
วังท่าดี
วังโบสถ์"
เพชรบูรณ์,1,นายสุทัศน์ จันทร์แสงศรี,5,นายกฤติเดช แก้วเพียร,1,นายคฑาเพชร แก่นแก้ว,8,"ชอนไพร
ดงมูลเหล็ก
ตะเบาะ
นาป่า
นายม
น้ำร้อน
ในเมือง
บ้านโคก
บ้านโตก
ระวิง
วังชมภู
สะเดียง
ห้วยสะแก
ห้วยใหญ่
วังชมภู"
เพชรบูรณ์,6,นายเกรียงไกร ปานสีทอง,5,นางสาวภิญญาภัทร อาภากฤษฎี,8,ร้อยตรีเสวก สะลาแก้ว,6,"ซับน้อย
ซับสมบูรณ์
ท่าโรง
น้ำร้อน
บ่อรัง
พุขาม
พุเตย
ภูน้ำหยด
วังใหญ่
สระประดู่
คลองกระจัง
โคกสะอาด
นาสนุ่น
ประดู่งาม
ศรีเทพ
สระกรวด
หนองย่างทอย"
แพร่,3,นายวรวัจน์ เอื้ออภิญญกุล,5,นายภาวัช จันใส,4,,,"เด่นชัย
ไทรย้อย
ปงป่าหวาย
แม่จั๊วะ
ห้วยไร่
ต้าผามอก
ทุ่งแล้ง
บ่อเหล็กลอง
บ้านปิน
ปากกาง
แม่ปาน
เวียงต้า
ห้วยอ้อ
หัวทุ่ง
นาพูน
ป่าสัก
แม่เกิ๋ง
แม่ป้าก
แม่พุง
วังชิ้น
สรอย
บ้านปง
หัวฝาย"
แพร่,1,นายทศพร เสรีรักษ์,4,นายวิทูรย์ สุรจิตต์,5,,,"กาญจนา
ช่อแฮ
ทุ่งกวาว
ทุ่งโฮ้ง
นาจักร
น้ำชำ
ในเวียง
บ้านถิ่น
ป่าแดง
ป่าแมต
ร่องฟอง
สวนเขื่อน
เหมืองหม้อ
ดอนมูล
น้ำชำ
บ้านกวาง
บ้านกาศ
บ้านเหล่า
พระหลวง
ร่องกาศ
เวียงทอง
สบสาย
สูงเม่น"
แพร่,2,นายนิยม วิวรรธนดิฐกุล,7,นายรฐรส เกิดสรรค์,6,,,"ท่าข้าม
แม่คำมี
แม่ยม
แม่หล่าย
วังธง
วังหงส์
ห้วยม้า
ทุ่งศรี
น้ำเลา
บ้านเวียง
ไผ่โทน
แม่ทราย
แม่ยางตาล
แม่ยางร้อง
แม่ยางฮ่อ
ร้องกวาง
ร้องเข็ม
ห้วยโรง
แดนชุมพล
เตาปูน
ทุ่งน้าว
บ้านกลาง
บ้านหนุน
สะเอียบ
ห้วยหม้าย
หัวเมือง
ตำหนักธรรม
ทุ่งแค้ว
น้ำรัด
แม่คำมี
วังหลวง
หนองม่วงไข่"
ภูเก็ต,2,นายอาวุธ หนูเชต,1,นายเฉลิมพงศ์ เเสงดี,2,นางสาวพาขวัญ กิจประสาน,6,"กมลา
ป่าตอง
กะรน
ฉลอง
ราไวย์
วิชิต"
ภูเก็ต,3,นายสรธรรม จินดา,6,นายฐิติกันต์ ฐิติพฤฒิกุล,5,นางสาวมณีรัตน์ วิชัยดิษฐ สุขยิรัญ,8,"กะทู้
เชิงทะเล
เทพกระษัตรี
ป่าคลอก
ไม้ขาว
ศรีสุนทร
สาคู"
ภูเก็ต,1,นายวัชรพงษ์ อนันตกูล,7,ว่าที่ร้อยตรีสมชาติ เตชถาวรเจริญ,2,นายประเสริฐ ประทีป ณ ถลาง,4,"เกาะแก้ว
ตลาดเหนือ
ตลาดใหญ่
รัษฎา"
มหาสารคาม,6,นายรัฐ คลังแสง,8,นางเพียงพิศ เดชมาลา,1,นางสุภาพร ทองเจริญ,5,"กุดใส้จ่อ
ขามเฒ่าพัฒนา
ขามเรียง
คันธารราษฎร์
โคกพระ
ท่าขอนยาง
นาสีนวน
มะค่า
ศรีสุข
กุดปลาดุก
ชื่นชม
หนองกุง
เหล่าดอกไม้
กู่ทอง
เชียงยืน
ดอนเงิน
นาทอง
โพนทอง
เสือเฒ่า
หนองซอน
เหล่าบัวบาน"
มหาสารคาม,5,นายจิรวัฒน์ ศิริพานิชย์,1,นายสหะ กันพล,9,นายเศรษฐวัฒน์ ศิริโกมุท,2,"เขวาใหญ่
กุดรัง
นาโพธิ์
เลิงแฝก
หนองแวง
ห้วยเตย
แก้งแก
เขวาไร่
เขื่อน
ดอนกลาง
แพง
โพนงาม
ยางท่าแจ้ง
ยางน้อย
เลิงใต้
วังยาว
หนองกุงสวรรค์
หนองบอน
หนองบัว
หนองเหล็ก
หัวขวาง
เหล่า
แห่ใต้"
มหาสารคาม,2,นายไชยวัฒนา ติณรัตน์,7,นายธงชัย เบอร์ไธสง,13,นายวรเวช ศิริประเสริฐศรี,5,"แกดำ
โนนภิบาล
มิตรภาพ
วังแสง
หนองกุง
บัวมาศ
ยาง
หนองม่วง
ขามป้อม
แคน
โคกสีทองหลาง
งัวบา
ดงใหญ่
นาข่า
บ้านหวาย
ประชาพัฒนา
โพธิ์ชัย
เสือโก้ก
หนองทุ่ม
หนองแสง
หนองแสน
หนองไฮ
หัวเรือ"
มหาสารคาม,4,นายสรรพภัญญู ศิริไปล์,2,นางภานิณี ขันแก้ว,10,นายนิพนธ์ วงศ์พัฒน์,9,"เขวาไร่
นาเชือก
ปอพาน
สันป่าตอง
สำโรง
หนองกุง
หนองแดง
หนองโพธิ์
หนองเม็ก
หนองเรือ
กำพี้
ดอนงัว
โนนแดง
โนนราษี
บรบือ
บ่อใหญ่
วังไชย
วังใหม่
หนองโก
หนองคูขาด
หนองจิก
หนองสิม"
มหาสารคาม,3,นายยุทธพงศ์ จรัสเสถียร,9,นายกุลธร แก้ววิเศษ,13,นายธนาวุฒิ แสงอรุณ,8,"กู่สันตรัตน์
ดงดวน
ดงบัง
ดงยาง
นาดูน
พระธาตุ
หนองคู
หนองไผ่
หัวดง
ก้ามปู
นาสีนวล
ปะหลาน
ภารแอ่น
เม็กดำ
เมืองเตา
เมืองเสือ
ราษฎร์เจริญ
ราษฎร์พัฒนา
ลานสะแก
เวียงชัย
เวียงสะอาด
หนองบัว
หนองบัวแก้ว
ดงเมือง
นาภู
บ้านกู่
ยางสีสุราช
แวงดง
สร้างแซ่ง
หนองบัวสันตุ"
มหาสารคาม,1,นายกิตติศักดิ์ คณาสวัสดิ์,4,นายธีระวัฒน์ พรรณะ,13,นางสาวนงลักษณ์ ทุงจันทร์,8,"เกิ้ง
แก่งเลิงจาน
เขวา
โคกก่อ
ดอนหว่าน
ตลาด
ท่าตูม
ท่าสองคอน
บัวค้อ
ลาดพัฒนา
แวงน่าง
หนองโน
หนองปลิง
ห้วยแอ่ง"
มุกดาหาร,2,นายบุญฐิณ ประทุมลี,4,นายณกร ชารีพันธ์,5,นายโชควิทย์ พรมดี,2,"คำชะอี
คำบก
น้ำเที่ยง
บ้านค้อ
บ้านซ่ง
บ้านเหล่า
โพนงาม
หนองเอี่ยน
เหล่าสร้างถ่อ
กกตูม
ชะโนดน้อย
ดงหลวง
พังแดง
หนองแคน
หนองบัว
กกแดง
โชคชัย
นากอก
นาอุดม
นิคมคำสร้อย
ร่มเกล้า
หนองแวง
ดงมอน
นาโสก
ผึ่งแดด
โนนยาง
บ้านเป้า
ภูวง
หนองสูง
หนองสูงใต้
หนองสูงเหนือ"
มุกดาหาร,1,นายนนทภูมิ ตั้งปณิธานนท์,5,นายสุพจน์ สุอริยพงษ์,7,นายทศพล เมืองฮาม,1,"ดอนตาล
นาสะเม็ง
บ้านแก้ง
บ้านบาก
ป่าไร่
โพธิ์ไทร
เหล่าหมี
กุดแข้
คำป่าหลาย
คำอาฮวน
ดงเย็น
นาสีนวน
บางทรายใหญ่
บ้านโคก
โพนทราย
มุกดาหาร
ศรีบุญเรือง
ชะโนด
ดงหมู
บางทรายน้อย
ป่งขาม
หว้านใหญ่"
แม่ฮ่องสอน,1,นายสมภพ คงความซื่อ,4,นายสมเกียรติ บุญคำมา,7,,,"ขุนยวม
เมืองปอน
แม่กิ๊
แม่เงา
แม่ยวมน้อย
แม่อูคอ
ถ้ำลอด
นาปู่ป้อม
ปางมะผ้า
สบป่อง
ทุ่งยาว
โป่งสา
เมืองแปง
แม่นาเติง
แม่ฮี้
เวียงใต้
เวียงเหนือ
จองคำ
ปางหมู
ผาบ่อง
หมอกจำแป่
ห้วยปูลิง
ห้วยโป่ง
ห้วยผา"
แม่ฮ่องสอน,2,นายวิทยา หวานซึ้ง,6,นายสะท้าน ชีววิชัยพงศ์,4,นายกิตติวัฒน์ วิเศษขัน,7,"ขุนแม่ลาน้อย
ท่าผาปุ้ม
แม่โถ
แม่นาจาง
แม่ลาน้อย
แม่ลาหลวง
สันติคีรี
ห้วยห้อม
บ้านกาศ
ป่าแป๋
แม่คง
แม่ยวม
แม่สะเรียง
แม่เหาะ
เสาหิน
กองก๋อย
ป่าโปง
แม่คะตวน
แม่สวด
แม่สามแลบ
สบเมย"
ยโสธร,3,นายธนกร ไชยกุล,2,นายณัฐพล ศรีอุบล,9,นายสรวิศ เดชเสน,3,"กำแมด
กุดชุม
คำน้ำสร้าง
นาโส่
โนนเปือย
โพนงาม
หนองหมี
หนองแหน
ห้วยแก้ง
คำเตย
ไทยเจริญ
ส้มผ่อ
กุดเชียงหมี
กุดแห่
โคกสำราญ
บุ่งค้า
ศรีแก้ว
สร้างมิ่ง
สวาท
สามแยก
สามัคคี
ห้องแซง"
ยโสธร,2,นายบุญแก้ว สมวงศ์,6,นายพิริยพงศ์ พุ่มพวง,3,นายวรายุทธ จงอักษร,9,"กุดน้ำใส
ค้อวัง
น้ำอ้อม
ฟ้าห่วน
กุดกุง
กู่จาน
แคนน้อย
ดงแคนใหญ่
ดงเจริญ
นาแก
นาคำ
โพนทัน
ย่อ
ลุมพุก
สงเปือย
เหล่าไฮ
คำไผ่
น้ำคำ
โคกนาโก
เชียงเพ็ง
โพธิ์ไทร
คูเมือง
โนนทราย
บากเรือ
บึงแก
ผือฮี
พระเสาร์
ฟ้าหยาด
ม่วง
สงยาง
หัวเมือง"
ยโสธร,1,นายปิยวัฒน พันธ์สายเชื้อ,5,นายสมชัย คำเพราะ,7,นางสุภาพร สลับศรี,1,"ทุ่งมน
ดงมะไฟ
ดู่ลาด
ทรายมูล
นาเวียง
ไผ่
กระจาย
ศรีฐาน
ขั้นไดใหญ่
ขุมเงิน
เขื่องคำ
ค้อเหนือ
ดู่ทุ่ง
เดิด
ตาดทอง
ทุ่งแต้
ทุ่งนางโอก
นาสะไมย์
น้ำคำใหญ่
ในเมือง
สำราญ
สิงห์
หนองคู
หนองเป็ด
หนองเรือ
หนองหิน"
ยะลา,3,นายแวหะมะ แวและ,9,นายณรงค์ อาแว,11,นายยูซุฟ อาลอับดิลละฮ์,3,"กรงปินัง
ปุโรง
สะเอะ
ห้วยกระทิง
คีรีเขต
ธารโต
บ้านแหร
แม่หวาด
เขื่อนบางลาง
ตลิ่งชัน
ตาเนาะปูเต๊ะ
ถ้ำทะลุ
บันนังสตา
บาเจาะ
ตาเนาะแมเราะ
ธารน้ำทิพย์
เบตง
ยะรม
อัยเยอร์เวง"
ยะลา,2,นายอิสกานดา สาแม,6,นายอนุรักษ์ หมัดเลียด,9,นายสาการียา เลาะยะผา,8,"กาบัง
บาละ
บันนังสาเรง
บุดี
เปาะเส้ง
กาตอง
บาโร๊ะ
ปะแต
ละแอ
กอตอตือร๊ะ
กายูบอเกาะ
กาลอ
กาลูปัง
เกะรอ
โกตาบารู
จะกว๊ะ
ตะโล๊ะหะลอ
ท่าธง
เนินงาม
บาโงย
บาลอ
บือมัง
ยะต๊ะ
วังพญา
อาซ่อง"
ยะลา,1,นายจิรายุ เบ็ญจวงศ์,6,นายอันวาร์ อุเซ็ง,13,นายรอสดี แมงกาจิ,4,"ตาเซะ
ท่าสาป
พร่อน
ยะลา
ยุโป
ลำพะยา
ลำใหม่
ลิดล
สะเตง
สะเตงนอก
หน้าถ้ำ
ตาชี
บาโงยซิแน
ยะหา"
ร้อยเอ็ด,7,นายศักดา คงเพชร,7,นายประทักษ์ พาโคกทม,6,นายชัชวาล แพทยาไทย,4,"กำแพง
กู่กาสิงห์
เกษตรวิสัย
ดงครั่งน้อย
ดงครั่งใหญ่
ทุ่งทอง
น้ำอ้อม
โนนสว่าง
บ้านฝาง
เมืองบัว
สิงห์โคก
หนองแวง
เหล่าหลวง
ขี้เหล็ก
ดอกล้ำ
โนนสง่า
โนนสวรรค์
บัวแดง
โพนสูง
สระบัว
หนองแคน
กกกุง
คูเมือง
หนองหิน"
ร้อยเอ็ด,8,นางสาวชญาภา สินธุไพร,4,นายวันชัย วงค์อามาตย์,2,นางจุรีพร สินธุไพร,5,"โคกล่าม
ดงกลาง
ดงแดง
ดู่น้อย
น้ำใส
ป่าสังข์
เมืองหงส์
ลิ้นฟ้า
ศรีโคตร
หนองผือ
หัวช้าง
อีง่อง
เขวาทุ่ง
เมืองน้อย
ราชธานี
เมืองสรวง
หนองผือ
บ้านบาก
โพธิ์ทอง
โพธิ์สัย
เมืองเปลือย
ศรีสมเด็จ
สวนจิก
หนองแวงควง
หนองใหญ่
ขี้เหล็ก
บ้านดู่
หนองบัว
โหรา"
ร้อยเอ็ด,2,นายฉลาด ขามช่วง,3,นายทินกร อ่อนประทุม,5,นางวิสาขา ไชยหะนิจ,2,"จังหาร
ดงสิงห์
ดินดำ
ปาฝา
ผักแว่น
ม่วงลาด
ยางใหญ่
แสนชาติ
เชียงขวัญ
บ้านเขือง
พระเจ้า
พระธาตุ
พลับพลา
หมูม้น
ธวัชบุรี
มะอึ
หนองพอก
ขามเปี้ย
คำพอุง
เชียงใหม่
ดอนโอง
บัวคำ
โพธิ์ศรี
สะอาด
หนองตาไก้
อัคคะคำ
คำนาดี
นาอุดม
อุ่มเม่า"
ร้อยเอ็ด,4,นายนรากร นาเมืองรักษ์,9,นายวัจน์คมกริช ศรีวะรมย์,7,นายชัยชนะ รัตนชัยฤทธิ์,3,"ทุ่งเขาหลวง
บึงงาม
มะบ้า
ธงธานี
บึงนคร
ไพศาล
โคกสูง
โพธิ์ศรีสว่าง
กลาง
เกาะแก้ว
ขวัญเมือง
ขวาว
ท่าม่วง
นางาม
นาแซง
นาเมือง
นาเลิง
บึงเกลือ
พรสวรรค์
โพธิ์ทอง
ภูเงิน
เมืองไพร
วังหลวง
ศรีวิลัย
หนองหลวง
เหล่าน้อย"
ร้อยเอ็ด,5,นางสาวจิราพร สินธุไพร,3,นายประวิทย์ มานะดี,8,นายสายันต์ อินสอน,1,"เทอดไทย
เหล่า
นิเวศน์
หนองไผ่
อุ่มเม้า
กุดน้ำใส
ค้อใหญ่
คำไฮ
โคกสว่าง
ชานุวรรณ
นานวล
พนมไพร
โพธิ์ชัย
โพธิ์ใหญ่
วารีสวัสดิ์
สระแก้ว
แสนสุข
หนองทัพไทย
หนองฮี
บ้านแจ้ง
โพนเมือง
หนองขาม
หนองหมื่นถ่าน
หน่อม
อาจสามารถ"
ร้อยเอ็ด,6,นายกิตติ สมทรัพย์,5,นายพงศธร จันทร์อ่อน,3,นายธนชัย สินธุไพร,9,"ท่าหาดยาว
โพนทราย
ยางคำ
ศรีสว่าง
สามขา
จำปาขัน
ช้างเผือก
ดอกไม้
ทุ่งกุลา
ทุ่งศรีเมือง
ทุ่งหลวง
นาใหญ่
น้ำคำ
บ่อพันขัน
เมืองทุ่ง
สระคู
ห้วยหินลาด
หัวช้าง
หัวโทน
หินกอง
ดูกอึ่ง
เด่นราษฎร์
สาวแห"
ร้อยเอ็ด,3,นายนิรมิต สุจารี,3,นายทักษิณ พลเยี่ยม,6,นายร่วมภูมิศักดิ์ พลเยี่ยม,5,"โคกกกม่วง
โนนชัยศรี
พรมสวรรค์
โพธิ์ทอง
วังสามัคคี
แวง
สระนกแก้ว
สว่าง
หนองใหญ่
ชมสะอาด
ชุมพร
บุ่งเลิศ
เมยวดี
กกโพธิ์
โคกสว่าง
ท่าสีดา
บึงงาม
ผาน้ำย้อย
ภูเขาทอง
รอบเมือง
หนองขุ่นใหญ่
หนองพอก"
ร้อยเอ็ด,1,นายสถาพร ว่องสัธนพงษ์,3,นายเกียรติศักดิ์ ไค่นุ่นกา,10,นายอัมพร พัสดร,8,"ขอนแก่น
แคนใหญ่
ดงลาน
นาโพธิ์
โนนตาล
โนนรัง
ในเมือง
ปอภาร
เมืองทอง
รอบเมือง
สะอาดสมบูรณ์
สีแก้ว
หนองแก้ว
หนองแวง
เหนือเมือง"
ระนอง,1,พลตรีรังสรรค์ ศิริรังษี,7,นายสายัณห์ วรวิสุทธิ์,5,นาวาเอกอมร สุดจิตร,3,"จ.ป.ร.
น้ำจืด
น้ำจืดน้อย
บางใหญ่
ปากจั่น
มะมุ
ลำเลียง
กะเปอร์
เชี่ยวเหลียง
บางหิน
บ้านนา
ม่วงกลวง
เกาะพยาม
เขานิเวศน์
ทรายแดง
บางนอน
บางริ้น
ปากน้ำ
ราชกรูด
หงาว
หาดส้มแป้น
ในวงใต้
ในวงเหนือ
บางแก้ว
บางพระใต้
บางพระเหนือ
ละอุ่นใต้
ละอุ่นเหนือ
กำพวน
นาคา"
ระยอง,3,นายชัยณรงค์ สันทัสนะโชค,10,นายนครชัย ขุนณรงค์,8,นายวุฒิ ปะสิ่งชอบ,4,"กระแสบน
กร่ำ
กองดิน
คลองปูน
ชากโดน
ชากพง
ทางเกวียน
ทุ่งควายกิน
เนินฆ้อ
บ้านนา
ปากน้ำกระแส
พังราด
วังหว้า
สองสลึง
ห้วยยาง
เขาน้อย
ชำฆ้อ
น้ำเป็น
ห้วยทับมอญ"
ระยอง,5,นายวิชัย ล้ำสุทธิ,8,นางสว่างจิตต์ เลาหะโรจนพันธ์,3,นายบันเลง ศรีสุทธิ์,1,"นิคมพัฒนา
พนานิคม
มะขามคู่
มาบข่า
บ้านฉาง
พลา
สำนักท้อน
แม่น้ำคู้"
ระยอง,4,นายวิเชียร สุขเกิด,6,นายชุติพงศ์ พิภพภิญโญ,2,นายอำนาจ ศรีแสง,8,"ชากบก
บางบุตร
บ้านค่าย
หนองตะพาน
หนองบัว
หนองละลอก
ตาสิทธิ์
ปลวกแดง
มาบยางพร
ละหาร
หนองไร่
ชุมแสง
ป่ายุบใน
พลงตาเอี่ยม
วังจันทร์"
ระยอง,1,นายพเนตร วงษ์ไพศาล,5,นางสาวกมนทรรศน์ กิตติสุนทรสกุล,1,ดาบตำรวจศรศักดิ์ รากแก้ว,6,"มาบข่า
ตาขัน
ทับมา
นาตาขวัญ
น้ำคอก
บ้านแลง
มาบตาพุด
ห้วยโป่ง
ทับมา
เนินพระ
เนินพระ"
ระยอง,2,นายภีมเดช อมรสุคนธ์,6,นายกฤช ศิลปชัย,5,นางสริญทิพญ ทัพมงคลทรัพย์,1,"กะเฉด
แกลง
เชิงเนิน
ตะพง
ท่าประดู่
เนินพระ
ปากน้ำ
เพ
สำนักทอง"
ราชบุรี,3,นายธนธัช จังพานิช,3,นายภิญโญศิลป์ สังวาลวงศ์,8,,,"แก้มอ้น
จอมบึง
ด่านทับตะโก
เบิกไพร
ปากช่อง
รางบัว
เขาชะงุ้ม
คลองข่อย
คลองตาคต
เจ็ดเสมียน
ชำแระ
ดอนกระเบื้อง
เตาปูน
ท่าชุมพล
ธรรมเสน
นางแก้ว
บางโตนด
บ้านเลือก
โพธาราม
สร้อยฟ้า
หนองกวาง
หนองโพ"
ราชบุรี,5,นางสาวปวันรัตน์ เอกอัครอัญธรณ์,8,นายธนพจน์ ทรัพย์ยอดแก้ว,10,นายตฤณฤทธ เทพประสิทธิ์,6,"ขุนพิทักษ์
ดอนกรวย
ดอนคลัง
ดอนไผ่
ดำเนินสะดวก
ตาหลวง
ท่านัด
บัวงาม
บ้านไร่
ประสาทสิทธิ์
แพงพวย
ศรีสุราษฎร์
สี่หมื่น
ดอนคา
ดอนใหญ่
บางแพ
โพหัก
วังเย็น
วัดแก้ว
หัวโพ
ดอนทราย
บ้านฆ้อง
บ้านสิงห์"
ราชบุรี,2,นายไก่ ห้องริ้ว,8,นายปีรเมษ มณีโชติ,5,,,"บ้านคา
บ้านบึง
หนองพันจันทร์
ดอนทราย
ทุ่งหลวง
บ่อกระดาน
ปากท่อ
ป่าไก่
ยางหัก
วังมะนาว
วัดยางงาม
วันดาว
หนองกระทุ่ม
ห้วยยางโทน
อ่างหิน
ดอนแร่
น้ำพุ
ห้วยไผ่
อ่างทอง
เกาะศาลพระ
จอมประทัด
วัดเพลง
ตะนาวศรี
ท่าเคย
ป่าหวาย
สวนผึ้ง"
ราชบุรี,4,นางสาวชะวรลัทธิ์ ชินธรรมมิตร,7,นายวิชา อินทร์จันทร์,6,นายชิตพล เชี่ยวอุดมทรัพย์,8,"กรับใหญ่
เขาขลุง
คุ้งพยอม
ดอนกระเบื้อง
ท่าผา
นครชุมน์
บ้านโป่ง
บ้านม่วง
เบิกไพร
ปากแรต
ลาดบัวขาว
สวนกล้วย
หนองกบ
หนองปลาหมอ
หนองอ้อ"
ราชบุรี,1,นายนพพล ภู่แย้ม,4,นายนภดล อารีประเสริฐกุล,6,,,"เกาะพลับพลา
เขาแร้ง
คุ้งกระถิน
คุ้งน้ำวน
คูบัว
โคกหม้อ
เจดีย์หัก
ดอนตะโก
ท่าราบ
บางป่า
บ้านไร่
พงสวาย
พิกุลทอง
สามเรือน
หนองกลางนา
หน้าเมือง
หลุมดิน
หินกอง"
ลพบุรี,4,นายอุบลศักดิ์ บัวหลวงงาม,3,นายมนัส ไหวพริบ,7,,,"โคกเจริญ
โคกแสมสาร
ยางราก
วังทอง
หนองมะค่า
เกาะแก้ว
คลองเกตุ
โคกสำโรง
ดงมะรุม
ถลุงเหล็ก
เพนียด
วังขอนขว้าง
วังจั่น
วังเพลิง
สะแกราบ
หนองแขม
ทุ่งท่าช้าง
นิยมชัย
มหาโพธิ
สระโบสถ์
ห้วยใหญ่
ชอนสมบูรณ์
ชอนสารเดช
ดงดินแดง
บ่อทอง
ยางโทน
หนองม่วง"
ลพบุรี,2,นางสาวธนวัน บัวหลวงงาม,5,นายสาธิต ทวีผล,9,,,"หลุมข้าว
ห้วยโป่ง
โคกสลุง
ช่องสาริกา
ชอนน้อย
ดีลัง
น้ำสุด
พัฒนานิคม
มะนาวหวาน
หนองบัว
ห้วยขุนราม
เขาพระงาม
โคกตูม
ท่าศาลา
นิคมสร้างตนเอง"
ลพบุรี,5,นายวรวงศ์ วรปัญญา,1,นางสาวศุภนิดา นิลกระจ่าง,3,นายนพรุจ พุทหอม,5,"เกาะรัง
เขาแหลม
ชัยนารายณ์
ชัยบาดาล
ซับตะเคียน
ท่าดินดำ
ท่ามะนาว
นาโสม
นิคมลำนารายณ์
บัวชุม
บ้านใหม่สามัคคี
ม่วงค่อม
มะกอกหวาน
ลำนารายณ์
ศิลาทิพย์
หนองยายโต๊ะ
ห้วยหิน
แก่งผักกูด
ซับจำปา
ทะเลวังวัด
ท่าหลวง
หนองผักแว่น
หัวลำ
กุดตาเพชร
เขาน้อย
เขารวก
ซับสมบูรณ์
ลำสนธิ
หนองรี"
ลพบุรี,3,นายสุชาติ ลายน้ำเงิน,8,นายประสพผล สุขเกษม,4,,,"เขาสมอคอน
โคกสลุด
ท่าวุ้ง
บางคู้
บางงา
บางลี่
บ้านเบิก
โพตลาดแก้ว
มุจลินท์
ลาดสาลี่
หัวสำโรง
ชอนม่วง
เชียงงา
ดงพลับ
ดอนดึง
บางกะพี้
บางขาม
บางพึ่ง
บ้านกล้วย
บ้านชี
บ้านทราย
บ้านหมี่
ไผ่ใหญ่
พุคา
โพนทอง
มหาสอน
สนามแจง
สายห้วยแก้ว
หนองกระเบียน
หนองเต่า
หนองทรายขาว
หนองเมือง
หินปัก
โก่งธนู
งิ้วราย
ดอนโพธิ์
ตะลุง
ท้ายตลาด
บ้านข่อย
โพธิ์ตรุ
สี่คลอง"
ลพบุรี,1,นายสิทธิชัย หล่อประสงค์สุข,3,นายเอกราช แก้วเสมา,1,นางสาวศรีรัตน์ ฤกษ์พิชัย,7,"กกโก
เขาสามยอด
โคกกะเทียม
โคกลำพาน
ถนนใหญ่
ทะเลชุบศร
ท่าแค
ท่าหิน
บางขันหมาก
ป่าตาล
พรหมมาสตร์
โพธิ์เก้าต้น
ทะเลชุบศร"
ลำปาง,4,นายพินิจ จันทรสุรินทร์,7,นางสาวรภัสสรณ์ นิยะโมสถ,5,นางธัญญาทิพย์ พูนสินวัฒนา,10,"เกาะคา
ท่าผา
นาแก้ว
นาแส่ง
ลำปางหลวง
วังพร้าว
ศาลา
ใหม่พัฒนา
ไหล่หิน
เถินบุรี
นาโป่ง
แม่ถอด
แม่ปะ
แม่มอก
แม่วะ
ล้อมแรด
เวียงมอก
ผาปัง
พระบาทวังตวง
แม่ปุ
แม่พริก
นายาง
แม่กัวะ
สบปราบ
สมัย
ทุ่งงาม
เสริมกลาง
เสริมขวา
เสริมซ้าย"
ลำปาง,2,นายธนาธร โล่ห์สุนทร,7,นายกฤตภพ สติดีนิติวงศ์,6,นายภาวัฒน์ พยัคฆบุตร,1,"นาแก
บ้านโป่ง
บ้านร้อง
บ้านหวด
บ้านแหง
บ้านอ้อน
ปงเตา
แม่ตีบ
หลวงใต้
หลวงเหนือ
แจ้ห่ม
ทุ่งผึ้ง
บ้านสา
ปงดอน
เมืองมาย
แม่สุก
วิเชตนคร
แจ้ซ้อน
ทุ่งกว๋าว
บ้านขอ
เมืองปาน
หัวเมือง
บ้านแลง
บ้านเสด็จ
ทุ่งฮั้ว
ร่องเคาะ
วังแก้ว
วังซ้าย
วังใต้
วังทรายคำ
วังทอง
วังเหนือ"
ลำปาง,3,นายจรัสฤทธิ์ จันทรสุรินทร์,3,นายชลธานี เชื้อน้อย,6,นายบรรจง เวชประชา,5,"กล้วยแพะ
ชมพู
ปงแสนทอง
พระบาท
กล้วยแพะ
ชมพู
ปงแสนทอง
พระบาท
พิชัย
เวียงเหนือ
สบตุ๋ย
สวนดอก
หัวเวียง
บ่อแฮ้ว
ชมพู
พระบาท
พิชัย
ดอนไฟ
นาครัว
น้ำโจ้
บ้านกิ่ว
บ้านบอม
ป่าตัน
แม่ทะ
วังเงิน
สันดอนแก้ว
หัวเสือ
จางเหนือ
นาสัก
บ้านดง
แม่เมาะ
สบป้าด"
ลำปาง,1,นายกิตติกร โล่ห์สุนทร,5,นางทิพา ปวีณาเสถียร,8,นายชัยวัฒน์ เชื้อสกุล,1,"ต้นธงชัย
ทุ่งฝาย
นิคมพัฒนา
บ่อแฮ้ว
บ้านค่า
บ้านเป้า
บ้านเอื้อม
บุญนาคพัฒนา
หัวเวียง
ปงยางคก
เมืองยาว
แม่สัน
วอแก้ว
เวียงตาล
หนองหล่ม
ห้างฉัตร"
ลำพูน,2,นายรังสรรค์ มณีรัตน์,2,นายชัชพีร์ วรรณาพิรัชย์,4,นายณรัศมิน เทพมณี,6,"ตะเคียนปม
ทุ่งหัวช้าง
บ้านปวง
บ้านโฮ่ง
ป่าพลู
ศรีเตี้ย
หนองปลาสะวาย
เหล่ายาว
ท่าตุ้ม
นครเจดีย์
น้ำดิบ
บ้านเรือน
ปากบ่อง
ป่าซาง
ม่วงน้อย
มะกอก
แม่แรง
ก้อ
ดงดำ
นาทราย
ป่าไผ่
แม่ตืน
แม่ลาน
ลี้
ศรีวิชัย
วังผาง
หนองยวง
หนองล่อง"
ลำพูน,1,นายสงวน พงษ์มณี,1,นายวิทวิสิทธิ์ ปันสวนปลูก,3,นายชัยณรงค์ ภู่พิสิฐ,6,"บ้านธิ
ห้วยยาบ
ต้นธง
ในเมือง
บ้านกลาง
บ้านแป้น
ประตูป่า
ป่าสัก
มะเขือแจ้
ริมปิง
เวียงยอง
ศรีบัวบาน
หนองช้างคืน
หนองหนาม
เหมืองง่า
เหมืองจี้
อุโมงค์
ทากาศ
ทาขุมเงิน
ทาทุ่งหลวง
ทาปลาดุก
ทาแม่ลอบ
ทาสบเส้า"
เลย,4,นายสมเจตน์ แสงเจริญรัตน์,1,นายราเชนท์ กงสิมมา,6,นางสาวศวิตา สำลีพันธุ์,8,"เขาแก้ว
จอมศรี
เชียงคาน
ธาตุ
นาซ่าว
บุฮม
ปากตม
หาดทรายขาว
โคกใหญ่
ท่าลี่
น้ำแคม
น้ำทูน
หนองผือ
อาฮี
ท่าสวรรค์
ท่าสะอาด
นาด้วง
นาดอกคำ
ชมเจริญ
เชียงกลม
ปากชม
ห้วยบ่อซืน
ห้วยพิชัย
หาดคัมภีร์"
เลย,3,นายบรรพต ยาฟอง,9,นายวิศรุต โสดาวิชิต,1,นางสมใจ ดีอินทร์,7,"กกสะทอน
โคกงาม
ด่านซ้าย
นาดี
นาหอ
ปากหมัน
โป่ง
โพนสูง
วังยาว
อิปุ่ม
นาพึง
นามาลา
นาแห้ว
แสงภา
เหล่ากอหก
ท่าศาลา
ปลาบ่า
ร่องจิก
ลาดค่าง
สานตม
หนองบัว
เขาหลวง
ทรายขาว
ปากปวน
ผาน้อย
ผาบิ้ง
วังสะพุง
หนองงิ้ว"
เลย,2,นายศรัณย์ ทิมสุวรรณ,5,นายแสวง ดาปะ,2,นางนาตญา สุวรรณ์ชาติ,9,"ท่าช้างคล้อง
โนนปอแดง
โนนป่าซาง
บ้านเพิ่ม
ผาขาว
ผานกเค้า
ภูกระดึง
ศรีฐาน
ห้วยส้ม
แก่งศรีภูมิ
ภูหอ
เลยวังไสย์
หนองคัน
ห้วยสีเสียด
โคกขมิ้น
ศรีสงคราม
หนองหญ้าปล้อง
ตาดข่า
ปวนพุ
หนองหิน"
เลย,1,นายเลิศศักดิ์ พัฒนชัยกุล,3,นายวิทยา โพธิพัฒน์,9,นายทินพันธ์ ปากแก้ว,8,"กกดู่
กกทอง
กุดป่อง
ชัยพฤกษ์
นาแขม
นาดินดำ
นาโป่ง
นาอ้อ
นาอาน
น้ำสวย
น้ำหมาน
เมือง
ศรีสองรัก
เสี้ยว
ทรัพย์ไพวัลย์
ผาสามยอด
ผาอินทร์แปลง
เอราวัณ"
ศรีสะเกษ,3,นายวิวัฒน์ชัย โหตระไวศยะ,9,นายจำลอง บุญชม,3,นายเฮงธนกฤติ คำโสภา,4,"กระแชง
จานใหญ่
ตระกาจ
ภูเงิน
โนนค้อ
หนองกุง
เหล่ากวาง
ท่าคล้อ
เสียว
หนองงูเหลือม
หนองหว้า
หนองฮาง
ตูม
พิงพวย
ศรีแก้ว
ศรีโนนงาม
สระเยาว์
สะพุง
เสื่องข้าว"
ศรีสะเกษ,4,นายภูมินทร์ ลีธีระประเสริฐ,8,นายสุริยันต์ ปักปิ่น,9,ร้อยตรีไพศาล เชิดชู,2,"กุดเสลา
ขนุน
ชำ
ทุ่งใหญ่
น้ำอ้อม
โนนสำราญ
บึงมะลู
ภูผาหมอก
เมือง
รุง
ละลาย
เวียงเหนือ
สวนกล้วย
สังเม็ก
เสาธงชัย
หนองหญ้าลาด"
ศรีสะเกษ,2,นายสุรชาติ ชาญประดิษฐ์,8,นายสุทธิรักษ์ บุญศักดิ์,1,นายประมวล สีแสง,9,"คำเนียม
จาน
ดู่
ดูน
ทาม
โนนสัง
บัวน้อย
ผักแพว
เมืองน้อย
ยาง
ละทาย
หนองแก้ว
หนองบัว
หนองแวง
หนองหัวช้าง
อีปาด
เขิน
คูบ
ตองปิด
น้ำเกลี้ยง
รุ่งระวี
ละเอาะ
บก
โพธิ์"
ศรีสะเกษ,6,นายวีระพล จิตสัมฤทธิ์,8,นายนิธินันท์ ธนัทภพวรานนท์,9,,,"กฤษณา
กันทรารมย์
โคกเพชร
จะกง
ใจดี
ดองกำเม็ด
ตะเคียน
ตาอุด
นิคมพัฒนา
ปราสาท
ปรือใหญ่
ลมศักดิ์
ศรีตระกูล
ศรีสะอาด
สะเดาใหญ่
สำโรงตาเจ็น
โสน
หนองฉลอง
ห้วยใต้
ห้วยสำราญ
ห้วยเหนือ
หัวเสือ
สำโรงพลัน"
ศรีสะเกษ,5,นายอมรเทพ สมหมาย,7,นายพรสิทธิ์ รักษาทรัพย์,6,,,"กระหวัน
กันทรอม
ขุนหาญ
โนนสูง
บักดอง
พราน
โพธิ์กระสังข์
โพธิ์วงศ์
ไพร
ภูฝ้าย
สิ
ห้วยจันทร์
โคกตาล
ดงรัก
ตะเคียนราม
ไพรพัฒนา
ละลม
ห้วยตามอญ
ห้วยตึ๊กชู"
ศรีสะเกษ,9,นางนุชนาถ จารุวงษ์เสถียร,9,นายพงษ์เดช เดชกล้า,3,นายไชยยงค์ รัตนวัน,1,"บึงบูรพ์
เป๊าะ
โดด
ผือใหญ่
เสียว
หนองม้า
อีเซ
กุดเมืองฮาม
คอนกาม
โนนคูณ
บึงบอน
ยางชุมน้อย
ยางชุมใหญ่
ลิ้นฟ้า
จิกสังข์ทอง
ด่าน
ดู่
บัวหุ่ง
ไผ่
เมืองคง
เมืองแคน
ส้มป่อย
สร้างปี่
หนองแค
หนองหมี
หนองอึ่ง
หว้านคำ
กุง
คลีกลิ้ง
โจดม่วง
หนองบัวดง"
ศรีสะเกษ,7,นางสาววิลดา อินฉัตร,3,พันตรีสราวุธ ศรีวัง,4,นายจำรัสพงษ์ อัศดรรัฐจ์,1,"กู่
ดู่
ตูม
พิมาย
พิมายเหนือ
โพธิ์ศรี
สมอ
สวาย
สำโรงปราสาท
หนองเชียงทูน
ตำแย
โนนเพ็ก
พยุห์
พรหมสวัสดิ์
หนองค้า
ดินแดง
โนนปูน
ปราสาทเยอ
ไพรบึง
สุขสวัสดิ์
ดวนใหญ่
โพนยาง
วังหิน
ศรีสำราญ"
ศรีสะเกษ,8,นายประวิทย์ จารุรัชกุล,8,นายเฉลิมชาติ ทัพพเศรษฐโชติ,3,,,"ตาโกน
เมืองจันทร์
หนองใหญ่
กล้วยกว้าง
จานแสนไชย
ปราสาท
ผักไหม
เมืองหลวง
ห้วยทับทัน
ก้านเหลือง
กำแพง
ขะยูง
แข้
แขม
โคกจาน
โคกหล่าม
ตาเกษ
แต้
ทุ่งไชย
ปะอาว
โพธิ์ชัย
รังแร้ง
สระกำแพงใหญ่
สำโรง
หนองห้าง
หนองไฮ
หัวช้าง
อี่หล่ำ"
ศรีสะเกษ,1,นายธเนศ เครือรัตน์,4,นายบุญหรัด ถึงไชย,5,,,"คูซอด
จาน
ซำ
ตะดอบ
ทุ่ม
น้ำคำ
โพธิ์
โพนข่า
โพนเขวา
โพนค้อ
เมืองใต้
เมืองเหนือ
หญ้าปล้อง
หนองแก้ว
หนองครก
หนองไผ่
หนองไฮ
หมากเขียบ
ทุ่งสว่าง
ธาตุ
บ่อแก้ว
บุสูง"
สกลนคร,4,นายพัฒนา สัพโส,3,นายขจรศักดิ์ เบ็ญชัย,5,นายยงยุทธ คุณธรรม,4,"กุดบาก
กุดไห
นาม่อง
นิคมน้ำอูน
สุวรรณคาม
หนองบัว
หนองปลิง
กกปลาซิว
โคกภู
สร้างค้อ
หลุบเลา
ค้อเขียว
คำบ่อ
ปลาโหล
วาริชภูมิ
หนองลาด
ปทุมวาปี
วัฒนา
ส่องดาว"
สกลนคร,2,นายนิยม เวชกามา,1,นายภูเบศวร์ เห็นหลอด,8,นายอนุสรณ์ พลราชม,2,"กุสุมาลย์
นาเพียง
นาโพธิ์
โพธิไพศาล
อุ่มจาน
ด่านม่วงคำ
ตองโขบ
แมดนาท่ม
เหล่าโพนค้อ
จันทร์เพ็ญ
เต่างอย
นาตาล
บึงทวาย
เชียงสือ
นาแก้ว
นาตงวัฒนา
บ้านแป้น
บ้านโพน
โคกก่อง
ดงชน
โนนหอม
ม่วงลาย"
สกลนคร,7,นายเกษม อุประ,3,นายอภิชิต ถาบุตร,1,นายพราหมณ์รพี พรหมชาติ,2,"คำตากล้า
นาแต้
แพด
หนองบัวสิม
ดงหม้อทอง
ดงหม้อทองใต้
ดงเหนือ
โนนสะอาด
บ่อแก้ว
ม่วง
มาย
หนองกวั่ง
ห้วยหลัว
กุดเรือคำ
คูสะคาม
นาคำ
วานรนิวาส
หนองแวง
หนองแวงใต้
อินทร์แปลง"
สกลนคร,6,นางสาวสกุณา สาระนันท์,6,นายปิยะศักดิ์ เดชทองทิพย์,4,นายสิทธิรัตน์ รัตนวิจารณ์,7,"โคกศิลา
เจริญศิลป์
ทุ่งแก
บ้านเหล่า
หนองแปน
ต้นผึ้ง
พังโคน
ม่วงไข่
แร่
ไฮหย่อง
ขัวก่าย
คอนสวรรค์
เดื่อศรีคันไชย
ธาตุ
ศรีวิชัย
หนองสนม"
สกลนคร,3,นางสาวจิรัชยา สัพโส,9,นายภิญโญ ขันติยู,3,นายถนอม สมผล,4,"ช้างมิ่ง
เชิงชุม
นาใน
นาหัวบ่อ
บะฮี
พรรณา
พอกน้อย
ไร่
วังยาง
สว่าง
หนองลาด
นาซอ
ท่าก้อน
นาฮี
บะหว้า
โพนงาม
โพนแพง
วาใหญ่
สามัคคีพัฒนา
อากาศ"
สกลนคร,1,นายอภิชาติ ตีรสวัสดิชัย,5,นายตวงสิทธิ์ พงษ์พิศ,2,นายสิรภพ สมผล,3,"ขมิ้น
งิ้วด่อน
เชียงเครือ
ดงมะไฟ
ท่าแร่
ธาตุเชิงชุม
ธาตุนาเวง
พังขว้าง
ห้วยยาง
เหล่าปอแดง
ฮางโฮง"
สกลนคร,5,นางสาววงศ์อะเคื้อ บุญศล,6,นายบัญชา จันทศรี,7,นายธนชาติ ไชยทองพันธ์,3,"ค้อใต้
คำสะอาด
โคกสี
ตาลโกน
ตาลเนิ้ง
ทรายมูล
ธาตุทอง
บงใต้
บงเหนือ
บ้านต้าย
บ้านถ่อน
พันนา
โพนสูง
แวง
สว่างแดนดิน
หนองหลวง
ท่าศิลา"
สงขลา,4,ร้อยตำรวจตรีสมศักดิ์ แสงประดับ,5,นายสุนิตย์ แก้วจินดา,2,นายสวัสดิ์ ช้างสาร,8,"กระแสสินธุ์
เกาะใหญ่
เชิงแส
โรง
คลองแดน
แดนสงวน
ตะเครียะ
ท่าบอน
บ่อตรุ
บ้านขาว
บ้านใหม่
ปากแตระ
พังยาง
ระโนด
ระวะ
วัดสน
กระดังงา
คลองรี
คูขุด
จะทิ้งพระ
ชุมพล
ดีหลวง
ท่าหิน
บ่อดาน
บ่อแดง
วัดจันทร์
สนามชัย
ชะแล้
บางเขียด
ม่วงงาม
รำแดง
วัดขนุน"
สงขลา,6,นายธนพล ศรีเนตร,8,นายธิวัชร์ ดำแก้ว,3,นางภูริดา กาละมิตร์,1,"คลองหลา
คลองหอยโข่ง
โคกม่วง
ทุ่งลาน
เขามีเกียรติ
ท่าโพธิ์
ทุ่งหมอ
ปริก
ปาดังเบซาร์
พังลา
สะเดา
สำนักขาม
สำนักแต้ว"
สงขลา,5,นายสะหาก หมุดตะเหล็บ,4,พันเอกสนิท บุญราศรี,2,นายประจวบ รัตนพงษ์,5,"ควนโส
บางเหรียง
รัตภูมิ
ห้วยลึก
กำแพงเพชร
เขาพระ
ควนรู
คูหาใต้
ท่าชะมวง
ชิงโค
ทำนบ
ปากรอ
ป่าขาด
สทิงหม้อ
หัวเขา"
สงขลา,8,นายฮานาพี หมีนเส็น,8,นายสุบิน หีมใบ,9,นายอัศวิน สุวิทย์,6,"ขุนตัดหวาย
คู
แค
ตลิ่งชัน
ท่าหมอไทร
นาทับ
นาหว้า
น้ำขาว
บ้านนา
ป่าชิง
สะกอม
สะพานไม้แก่น
เกาะสะบ้า
ท่าม่วง
เทพา
ปากบาง
วังใหญ่
สะกอม"
สงขลา,3,นางชนัญชิดา ล่วนรักษ์,10,นายฌาฆีภัตฐ์ เพชรคง,9,นายถาวร วงศ์ชนะ,7,"คลองเปียะ
จะโหนง
คลองหรัง
ทุ่งขมิ้น
นาหม่อม
พิจิตร
คอหงส์
ท่าข้าม
ทุ่งใหญ่
น้ำน้อย
บ้านพรุ
พะตง"
สงขลา,7,นางซีนาวาตีย์ เบ็ญบาเห็ม,8,,,,,"ลำไพล
คลองกวาง
คลองทราย
ฉาง
ทับช้าง
ท่าประดู่
นาทวี
นาหมอศรี
ประกอบ
ปลักหนู
สะท้อน
เขาแดง
คูหา
จะแหน
ทุ่งพอ
ธารคีรี
บ้านโหนด
บาโหย
เปียน
สะบ้าย้อย"
สงขลา,9,นางสาวชานิสรา ภูวิจิตร,10,นางสาวทิพย์วรรณ ไกรสรนุเคราะห์,3,พันตำรวจเอกวิชัย วิชยานฤพล,5,"ท่าช้าง
บางกล่ำ
บ้านหาร
แม่ทอม
คลองแห
ควนลัง
คูเต่า
ฉลุง
ทุ่งตำเสา"
สงขลา,1,นายสำราญ บุญเส้ง,6,นายสักกพันธ์ุ อนันต์พงค์,8,นางภัทราวรรณ ขำตรี,5,"เกาะแต้ว
เกาะยอ
เขารูปช้าง
ทุ่งหวัง
บ่อยาง
พะวง"
สงขลา,2,ร้อยตำรวจโทชนาธิป สันติภราภพ,7,นางสาววชิราภรณ์ นิรันตราภรณ์,1,นายจะเด็ด เหมโกทวีทรัพย์,3,"คลองอู่ตะเภา
หาดใหญ่"
สตูล,2,นายซอลีฮีน อิสมาแอล,7,นายอิบรอหีม ควจเวช,2,นางสาวสายพิณ ณ พัทลุง,6,"ควนกาหลง
อุใดเจริญ
ท่าแพ
ท่าเรือ
แป-ระ
สาคร
ขอนคลาน
ทุ่งบุหลัง
ทุ่งหว้า
นาทอน
ป่าแก่บ่อหิน
นิคมพัฒนา
ปาล์มพัฒนา
กำแพง
เขาขาว
น้ำผุด
ปากน้ำ
ละงู
แหลมสน"
สตูล,1,นายตติยภัทร์ ปิติเศรษฐพันธุ์,2,นายธนาคม พจนาพิทักษ์,7,นายนันทวัฒน์ ลิมมิตร,6,"ทุ่งนุ้ย
ควนโดน
ควนสตอ
ย่านซื่อ
วังประจัน
เกตรี
เกาะสาหร่าย
คลองขุด
ควนขัน
ควนโพธิ์
เจ๊ะบิลัง
ฉลุง
ตันหยงโป
ตำมะลัง
บ้านควน
ปูยู
พิมาน"
สมุทรปราการ,8,นางสลิลทิพย์ สุขวัฒน์,7,นายตรัยวรรธน์ อิ่มใจ,4,นายชนะชล หงษ์จร,5,"คลองด่าน
คลองนิยมยาตรา
คลองสวน
บางบ่อ
บางพลีน้อย
บางเพรียง
บ้านระกาศ
เปร็ง
บางเสาธง
ศีรษะจรเข้ใหญ่"
สมุทรปราการ,4,นางสาวสัมฤทธิ์ เหมะ,4,นายวุฒินันท์ บุญชู,6,นายสุรศักดิ์ สินประเสริฐ,7,"บางแก้ว
บางพลีใหญ่"
สมุทรปราการ,5,นายนิธิพล บุญเพ็ชร,1,นางสาวนิตยา มีศรี,5,นายบดินทร์ โคมปิ่น,2,"บางโฉลง
บางปลา
ราชาเทวะ
หนองปรือ
ศีรษะจรเข้น้อย
แพรกษาใหม่"
สมุทรปราการ,6,นางนฤมล ธารดำรงค์,6,นายวีรภัทร คันธะ,8,นายธวัชชวิน โกพัฒน์ตา,4,"ตลาด
ทรงคนอง
บางกระสอบ
บางกอบัว
บางกะเจ้า
บางครุ
บางน้ำผึ้ง
บางพึ่ง
บางยอ
บางหญ้าแพรก
บางหัวเสือ
สำโรง
สำโรงกลาง
สำโรงใต้"
สมุทรปราการ,7,นายประชา ประสพดี,7,นายบุญเลิศ แสงพันธุ์,2,นางสาวปรียดา วรกีรติกุล,6,"บางจาก
นาเกลือ
ในคลองบางปลากด
บ้านคลองสวน
ปากคลองบางปลากด
แหลมฟ้าผ่า"
สมุทรปราการ,1,นางสาวแพรวพรรณ พุกพิบูลย์,6,นางสาวพนิดา มงคลสวัสดิ์,3,นายศิววุฒิ ศรีอินทร์จันทร์,8,"ท้ายบ้าน
บางด้วน
บางโปรง
บางเมือง
ปากน้ำ"
สมุทรปราการ,2,นายภิญโญ กิจเลิศไพโรจน์,5,นางสาวรัชนก สุขประเสริฐ,2,นางสาวศิริพร วงษ์ษา,7,"ท้ายบ้านใหม่
บางปู
บางปูใหม่
แพรกษา"
สมุทรปราการ,3,นายประเสริฐ ชัยกิจเด่นนภาลัย,1,นายพิชัย แจ้งจรรยาวงศ์,2,ร้อยตำรวจเอกทองใบ คำมั่น,7,"เทพารักษ์
บางเมืองใหม่
สำโรงเหนือ"
สมุทรสงคราม,1,นางสาวณิชาภา โกวิทานนท์,8,นายอานุภาพ ลิขิตอำนวยชัย,7,นายนิทรารัตน์ แพทย์วงศ์,1,"กระดังงา
จอมปลวก
ดอนมะโนรา
บางกระบือ
บางกุ้ง
บางคนที
บางนกแขวก
บางพรม
บางยี่รงค์
บางสะแก
บ้านปราโมทย์
ยายแพง
โรงหีบ
คลองเขิน
คลองโคน
ท้ายหาด
นางตะเคียน
บางแก้ว
บางขันแตก
บางจะเกร็ง
บ้านปรก
แม่กลอง
ลาดใหญ่
แหลมใหญ่
แควอ้อม
ท่าคา
บางแค
บางช้าง
บางนางลี่
ปลายโพงพาง
แพรกหนามแดง
ยี่สาร
วัดประดู่
สวนหลวง
เหมืองใหม่
อัมพวา"
สมุทรสาคร,2,นายบุญมี นิลถนอม,3,นายศิริโรจน์ ธนิกกุล,9,ว่าที่เรือเอกสุประเสริฐ ชาวบ้านเกาะ,4,"คลองมะเดื่อ
แคราย
ดอนไก่ดี
ตลาดกระทุ่มแบน
ท่าไม้
สวนหลวง
อ้อมน้อย
นาดี"
สมุทรสาคร,3,นายประยงค์ นอบน้อม,3,นายศิรสิทธิ์ สงนุ้ย,9,นายทองคำ หลงเปลี่ยว,4,"ท่าเสา
บางยาง
หนองนกไข่
เกษตรพัฒนา
คลองตัน
เจ็ดริ้ว
บ้านแพ้ว
ยกกระบัตร
โรงเข้
สวนส้ม
หนองบัว
หนองสองห้อง
หลักสอง
หลักสาม
อำแพง
กาหลง
ชัยมงคล
ท่าจีน
นาโคก
บางกระเจ้า
บางโทรัด
บ้านเกาะ
บ้านบ่อ"
สมุทรสาคร,1,นายอุดม กันม่วง,3,นายณัฐพงษ์ สุมโนธรรม,9,นายยุทธศิลป์ มณีไพโรจน์,4,"โกรกกราก
คอกกระบือ
โคกขาม
ท่าฉลอม
ท่าทราย
บางน้ำจืด
บางหญ้าแพรก
พันท้ายนรสิงห์
มหาชัย"
สระแก้ว,1,นายกฤษณ สุนทรกิจพาณิชย์,2,นายปฐมพล สาระรัตน์,7,,,"เขาฉกรรจ์
เขาสามสิบ
พระเพลิง
หนองหว้า
โคกปี่ฆ้อง
ท่าเกษม
ท่าแยก
บ้านแก้ง
ศาลาลำดวน
สระแก้ว
สระขวัญ
หนองบอน
ทุ่งมหาเจริญ"
สระแก้ว,2,นายปัญญา ชาติปัญญาวุฒิ,2,นายยุทธชัย รำไพวรรณ์,4,,,"คลองไก่เถื่อน
คลองหาด
ซับมะกรูด
ไทยอุดม
ไทรเดี่ยว
ไทรทอง
เบญจขร
คลองหินปูน
ตาหลังใน
วังน้ำเย็น
วังทอง
วังสมบูรณ์
วังใหม่
ท่าเกวียน
โนนหมากเค็ง
ผักขะ
วัฒนานคร
หนองตะเคียนบอน
หนองน้ำใส
หนองแวง
หนองหมากฝ้าย
ห้วยโจด"
สระแก้ว,3,นายสรวงศ์ เทียนทอง,1,นายปรมินทร์ จันทรกาล,7,,,"โคกสูง
โนนหมากมุ่น
หนองม่วง
หนองแวง
โคคลาน
ตาพระยา
ทัพไทย
ทัพราช
ทัพเสด็จ
ช่องกุ่ม
แซร์ออ
คลองทับจันทร์
คลองน้ำใส
ทับพริก
ท่าข้าม
บ้านด่าน
บ้านใหม่หนองไทร
ป่าไร่
ผ่านศึก
ฟากห้วย
เมืองไผ่
หนองสังข์
หันทราย
อรัญประเทศ"
สระบุรี,2,นายอรรถพล วงษ์ประยูร,6,นายทรงวุฒิ สารจันทึก,5,,,"แก่งคอย
ชะอม
ชำผักแพว
ตาลเดี่ยว
เตาปูน
ทับกวาง
ท่าคล้อ
ท่าตูม
ท่ามะปราง
บ้านธาตุ
บ้านป่า
สองคอน
หินซ้อน
ซับสนุ่น
มวกเหล็ก
มิตรภาพ
ลำพญากลาง
ลำสมพุง
หนองย่างเสือ
คำพราน
วังม่วง
แสลงพัน"
สระบุรี,1,นางสาวขานิฐาณันท์ เที่ยมประเสริฐ,8,นายสรพัช ศรีปราชญ์,5,,,"ห้วยแห้ง
เขาดินพัฒนา
บ้านแก้ง
ผึ้งรวง
พุแค
หน้าพระลาน
ห้วยบง
กุดนกเปล้า
โคกสว่าง
ดาวเรือง
ตลิ่งชัน
ตะกุด
นาโฉง
ปากข้าวสาร
ปากเพรียว
หนองปลาไหล
หนองยาว"
สระบุรี,4,นายบุญส่ง เกิดหลำ,3,นายพิธาน ทรงกัมพล,2,,,"ดงตะงาว
ดอนพุด
บ้านหลวง
ไผ่หลิ่ว
โคกใหญ่
ตลาดน้อย
บางโขมด
บ้านครัว
บ้านหมอ
ไผ่ขวาง
สร่างโศก
หนองบัว
หรเทพ
ขุนโขลน
เขาวง
ธารเกษม
นายาว
พระพุทธบาท
พุกร่าง
พุคำจาน
หนองแก
ห้วยป่าหวาย
งิ้วงาม
ต้นตาล
ท่าช้าง
บ้านยาง
พระยาทด
ม่วงงาม
เมืองเก่า
เริงราง
ศาลารีไทย
สวนดอกไม้
เสาไห้
หัวปลวก
ดอนทอง
บ้านกลับ
บ้านโปร่ง
หนองโดน"
สระบุรี,3,นางสาวสิริพัชระ จึงธีรพานิช,2,นางสาวนันทิตา สงพราหมณ์,6,,,"หนองโน
คลองเรือ
เจริญธรรม
บ้านลำ
วิหารแดง
หนองสรวง
หนองหมู
กุ่มหัก
คชสิทธิ์
โคกตูม
โคกแย้
บัวลอย
ไผ่ต่ำ
โพนทอง
หนองแขม
หนองไข่น้ำ
หนองแค
หนองจรเข้
หนองจิก
หนองนาก
หนองปลาหมอ
หนองปลิง
หนองโรง
ห้วยขมิ้น
ห้วยทราย
ไก่เส่า
เขาดิน
โคกสะอาด
ม่วงหวาน
หนองกบ
หนองควายโซ
หนองแซง
หนองสีดา
หนองหัวโพ"
สิงห์บุรี,1,นางสาวนิชดา ปั้นเกตุตันติรักษ์,8,นายธีรเศรษฐ พัฒน์วราพงษ์,5,นายสุรสาล ผาสุข,6,"คอทราย
ท่าข้าม
บางระจัน
โพทะเล
โพสังโฆ
หนองกระทุ่ม
ถอนสมอ
พิกุลทอง
โพประจักษ์
วิหารขาว
เชิงกลัด
บ้านจ่า
พักทัน
โพชนไก่
แม่ลา
ไม้ดัด
สระแจง
สิงห์
บางน้ำเชี่ยว
บ้านแป้ง
บ้านหม้อ
พรหมบุรี
พระงาม
โรงช้าง
หัวป่า
จักรสีห์
ต้นโพธิ์
บางกระบือ
บางพุทรา
บางมัญ
โพกรวม
ม่วงหมู่
หัวไผ่
งิ้วราย
ชีน้ำร้าย
ทองเอน
ทับยา
ท่างาม
น้ำตาล
ประศุก
โพธิ์ชัย
ห้วยชัน
อินทร์บุรี"
สุโขทัย,1,นางพรรณสิริ กุลนาถศิริ,1,นางสาวนาตยา กรุณามิตร,7,พันตำรวจโทมงกุฎ รักบุญประเสริฐ,8,"กกแรต
ไกรกลาง
ไกรใน
บ้านใหม่สุขเกษม
ตาลเตี้ย
ธานี
บ้านกล้วย
บ้านสวน
บ้านหลุม
ปากแคว
ปากพระ
ยางซ้าย
เกาะตาเลี้ยง
คลองตาล
ทับผึ้ง
บ้านนา
วังทอง
วังลึก
วังใหญ่
สามเรือน"
สุโขทัย,2,นายชูศักดิ์ คีรีมาศทอง,3,นายวศินภัทร์ กิตตินันท์พานิช,7,นายเอนก ตุ๊ดกัน,4,"กง
ไกรนอก
ดงเดือย
ท่าฉนวน
บ้านกร่าง
ป่าแฝก
หนองตูม
โตนด
ทุ่งยางเมือง
ทุ่งหลวง
นาเชิงคีรี
บ้านน้ำพุ
บ้านป้อม
ศรีคีรีมาศ
สามพวง
หนองกระดิ่ง
หนองจิก
ตลิ่งชัน
บ้านด่าน
ลานหอย
วังตะคร้อ
วังน้ำขาว
วังลึก
หนองหญ้าปล้อง"
สุโขทัย,3,นางสาวประภาพร ทองปากน้ำ,5,นางกัญญาวีร์ ทองสงค์,7,พันโทพรชัย แสงสว่าง,3,"กลางดง
เขาแก้วศรีสมบูรณ์
ทุ่งเสลี่ยม
ไทยชนะศึก
บ้านใหม่ไชยมงคล
เมืองเก่า
วังทองแดง
นาขุนไกร
บ้านซ่าน
บ้านไร่
ราวต้นจันทร์
วัดเกาะ
คลองกระจง
ท่าทอง
นาทุ่ง
เมืองบางขลัง
เมืองบางยม
เมืองสวรรคโลก
ย่านยาว
วังพิณพาทย์
วังไม้ขอน
หนองกลับ"
สุโขทัย,4,นายจักรวาล ชัยวิรัตน์นุกูล,5,นายนวพันธ์ เอื้อคณิต,7,,,"คลองมะพลับ
นครเดิฐ
น้ำขุม
ศรีนคร
หนองบัว
ดงคู่
ท่าชัย
บ้านแก่ง
บ้านตึก
ป่างิ้ว
แม่สำ
แม่สิน
ศรีสัชนาลัย
สารจิตร
หนองอ้อ
หาดเสี้ยว
คลองยาง
ในเมือง
ปากน้ำ
ป่ากุมเกาะ"
สุพรรณบุรี,5,นายไพโรจน์ ลีรัตนนุรัตน์,1,นายวิเชียร ตามสี,3,นายทวี พิมพขันธ,6,"ดอนเจดีย์
ทะเลบก
ไร่รถ
สระกระโจม
หนองสาหร่าย
ดอนปรู
บางงาม
บ้านกร่าง
ปลายนา
มดแดง
วังน้ำซับ
วังยาง
วังหว้า
ศรีประจันต์
กระเสียว
บ้านสระ
ย่านยาว
วังลึก
สามชุก
หนองผักนาก
หนองสะเดา
หนองราชวัตร
หนองหญ้าไซ"
สุพรรณบุรี,4,นายสหรัฐ กุลศรี,2,นายภูริชญ์ สุวรรณประทีป,8,นางพัสพร แก้วเขียว,1,"ด่านช้าง
นิคมกระเสียว
วังคัน
วังยาว
หนองมะค่าโมง
ห้วยขมิ้น
องค์พระ
เขาดิน
เขาพระ
โคกช้าง
เดิมบาง
ทุ่งคลี
นางบวช
บ่อกรุ
ปากน้ำ
ป่าสะแก
ยางนอน
วังศรีราช
หนองกระทุ่ม
หัวเขา
หัวนา
แจงงาม
ทัพหลวง
หนองขาม
หนองโพธิ์"
สุพรรณบุรี,2,พลตรีเทียมศักดิ์ สุขานุยุทธ,5,นายณัฐพิชา รอดชีพ,9,นายพงศ์พิชาญ ดามาพงศ์,7,"กฤษณา
โคกคราม
จรเข้ใหญ่
ตะค่า
บางปลาม้า
บางใหญ่
บ้านแหลม
ไผ่กองดิน
มะขามล้ม
วังน้ำเย็น
วัดดาว
วัดโบสถ์
สาลี
องครักษ์
ดอนมะนาว
ต้นตาล
เนินพระปรางค์
บางตะเคียน
บางตาเถร
บางพลับ
บางเลน
บ้านกุ่ม
บ้านช้าง
ศรีสำราญ
สองพี่น้อง
หัวโพธิ์"
สุพรรณบุรี,1,นางสาวกุลธิดา เหมาเพชร,5,นายสมเกียรติ เสรีวิพุธ,7,นายพยอม ระวงศ์พันธุ์,8,"โคกโคเฒ่า
ดอนกำยาน
ดอนตาล
ดอนโพธิ์ทอง
ดอนมะสังข์
ตลิ่งชัน
ทับตีเหล็ก
ท่าพี่เลี้ยง
ท่าระหัด
บางกุ้ง
บ้านโพธิ์
ไผ่ขวาง
พิหารแดง
โพธิ์พระยา
รั้วใหญ่
ศาลาขาว
สนามคลี
สนามชัย
สระแก้ว
สวนแตง"
สุพรรณบุรี,3,นายทรงธรรม ลิ้มธนาคม,9,นายสมภาษ ชิมสด,8,นายเกษม ศรีบุญเพ็ง,1,"ทุ่งคอก
บ่อสุพรรณ
หนองบ่อ
ทุ่งคอก
กระจัน
จรเข้สามพัน
เจดีย์
ดอนคา
ดอนมะเกลือ
บ้านโข้ง
บ้านดอน
พลับพลาไชย
ยุ้งทะลาย
สระพังลาน
สระยายโสม
หนองโอ่ง
อู่ทอง"
สุราษฎร์ธานี,7,นายศุรุท เกษมณีภูรเดช,6,นายชาติพงศ์ กุลรัตน์,8,นายสุเรนทร์ ลิ้มสุวรรณ,1,"กรูด
กะแดะ
ช้างขวา
ช้างซ้าย
ตะเคียนทอง
ท่าทองใหม่
ทุ่งกง
ทุ่งรัง
ป่าร่อน
ทรัพย์ทวี
ท่าเรือ
นาใต้
บ้านนา
ทุ่งเตา
ทุ่งเตาใหม่
ขุนทะเล
วัดประดู่"
สุราษฎร์ธานี,2,นายณัฐดนัย หิมทอง,5,นางสาวณัฐสุดา จิตกรม,1,นายสุนทร ภู่ไพบูลย์,6,"คลองสระ
ท่าทอง
ท่าอุแท
พลายวาส
เกาะเต่า
เกาะพะงัน
บ้านใต้
ตลิ่งงาม
บ่อผุด
มะเร็ต
แม่น้ำ
ลิปะน้อย
หน้าเมือง
อ่างทอง
ชลคราม
ไชยคราม
ดอนสัก
ปากแพรก"
สุราษฎร์ธานี,4,นายสถาพร กล่อมเจริญ,2,นางสาวรุจิเรศ สมบุญ,5,นายสุชัด ชูสุวรรณ,7,"กะเปา
ถ้ำสิงขร
ท่ากระดาน
ท่าขนอน
น้ำหัก
บ้านทำเนียบ
บ้านยาง
ย่านยาว
เขาพัง
เขาวง
พรุไทย
พะแสง
กรูด
เขาหัวควาย
ตะปาน
ท่าข้าม
ท่าโรงช้าง
ท่าสะท้อน
น้ำรอบ
บางงอน
บางเดือน
บางมะเดื่อ
พุนพิน
มะลวน
ลีเล็ด
ศรีวิชัย
หนองไทร
หัวเตย"
สุราษฎร์ธานี,3,นายสิทธิกร เกษมณี,6,นายสิทธิภร จันทบูรณ์,4,นายสุรพล วรรณโชติ,1,"เขาตอก
เคียนซา
พ่วงพรมคร
อรัญคามวารี
คลองปราบ
ควนศรี
ควนสุบรรณ
ท่าชี
นาสาร
น้ำพุ
พรุพี
เพิ่มพูนทรัพย์
ลำพูน
เขานิพันธ์
คลองฉนวน
ทุ่งหลวง
บ้านส้อง
เวียงสระ"
สุราษฎร์ธานี,5,นายไพโรจน์ ฤกษ์ดี,8,นายนุกูล พูลสวัสดิ์,9,พันเอกสุพจน์ มากแก้ว,5,"บ้านเสด็จ
คลองน้อย
ชัยบุรี
ไทรทอง
สองแพรก
คลองชะอุ่น
คลองศก
ต้นยวน
พนม
พลูเถื่อน
พังกาญจน์
ไทรขึง
ไทรโสภา
บางสวรรค์
สาคู
สินเจริญ
สินปุน
อิปัน"
สุราษฎร์ธานี,6,นายโกเมท เกิดสมบัติ,4,นายสิรวิทย์ ช่วงเสน,8,ร้อยตำรวจเอกนิคมพร หนูแก้ว,7,"ตลาดไชยา
ตะกรบ
ทุ่ง
ปากหมาก
ป่าเว
พุมเรียง
โมถ่าย
เลม็ด
เวียง
เขาถ่าน
คลองไทร
ท่าเคย
ท่าฉาง
ปากฉลุย
เสวียด
คลองพา
คันธุลี
ท่าชนะ
ประสงค์
วัง
สมอทอง
ตะกุกใต้
ตะกุกเหนือ"
สุราษฎร์ธานี,1,นางสาวลีลาวัลย์ นุ้ยบุตร,2,นายวราวุธ วุฒิ,1,นายวิเชียร จันทร์บัว,6,"คลองฉนาก
คลองน้อย
ตลาด
บางกุ้ง
บางชนะ
บางไทร
บางใบไม้
บางโพธิ์
มะขามเตี้ย"
สุรินทร์,8,นายสมบัติ ศรีสุรินทร์,5,นายภาณุโรจน์ กมลรัมย์บวร,9,นายเทพพนม นามลี,1,"กาบเชิง
คูตัน
โคกตะเคียน
ด่าน
ตะเคียน
แนงมุด
จรัส
ตาวัง
บัวเชด
สะเดา
สำเภาลูน
อาโพน
โชคนาสาม
โคกกลาง
จีกแดก
ตาเมียง
บักได
ตาตุม
เทพรักษา"
สุรินทร์,2,นายชูชัย มุ่งเจริญพร,1,นายนิรันดร์ ลวดเงิน,3,,,"เขวาสินรินทร์
ตากูก
บ้านแร่
บึง
ปราสาททอง
กาเกาะ
แกใหญ่
ตั้งใจ
ท่าสว่าง
นาดี
บุฤาษี
เพี้ยราม
เมืองที
ราม
สลักได
แสลงพันธ์
จารพัต
ช่างปี่
แตล"
สุรินทร์,3,นายคุณากร ปรีชาชนะชัย,7,นายโพธิธวัช พัฒนาพงษ์ไชย,5,นายพิสิษฐ์ อุนัยบัน,3,"กระหาด
จอมพระ
ชุมแสง
บ้านผือ
บุแกรง
เป็นสุข
เมืองลีง
ลุ่มระวี
หนองสนิท
กระโพ
ท่าตูม
บะ
บัวโคก
เมืองแก
หนองบัว
หนองเมธี
แคน
นานวน
โพนโก
สนม
หนองระฆัง
หนองอียอ"
สุรินทร์,4,นายพรเทพ พูนศรีธนากูล,3,นางสาวธนัญญา แท่นแก้ว,8,นายสุวิทย์ เกษอินทร์,7,"กระเบื้อง
ชุมพลบุรี
นาหนองไผ่
ไพรขลา
เมืองบัว
ยะวึก
ศรีณรงค์
สระขุด
หนองเรือ
ทุ่งกุลา
พรมเทพ
โพนครก
กุดขาคีม
แก
ดอนแรด
ทับใหญ่
ธาตุ
น้ำเขียว
ไผ่
รัตนบุรี
หนองบัวทอง
หนองบัวบาน"
สุรินทร์,5,นายครูมานิตย์ สังข์พุ่ม,1,นางสาวทัตพิชา เข็มแก้ว,9,นางฟาริดา สุไลมาน,2,"คำผง
โนน
ระเวียง
หนองเทพ
หนองหลวง
เบิด
ยางสว่าง
ขวาวใหญ่
คาละแมะ
ตรึม
นารุ่ง
ยาง
ระแงง
หนองขวาว
หนองบัว
ระแงง
หัวงัว
กระออม
เกาะแก้ว
ประดู่
ศรีสุข
สะโน
สำโรงทาบ
เสม็จ
หนองไผ่ล้อม
หนองฮะ
หมื่นศรี"
สุรินทร์,7,นายชูศักดิ์ แอกทอง,7,นายอริยะมรรค จันทนุภา,1,นายเสกสรรค์ นิสัยกล้า,9,"กังแอน
กันตวจระมวล
โคกยาง
โคกสะอาด
เชื้อเพลิง
ตานี
ตาเบา
ทมอ
ทุ่งมน
บ้านไทร
บ้านพลวง
ประทัดบุ
ปราสาททนง
ปรือ
ไพล
สมุด
หนองใหญ่
โชคเหนือ
ตระเปียงเตีย
ตรำดม
ลำดวน
อู่โลก"
สุรินทร์,1,นายอนันต์ ปาลีคุปต์,4,นายเบญจมินทร์ ปันสน,7,นายอนุกูล ทรายเพชร,5,"คอโค
เฉนียง
ตระแสง
ตาอ็อง
เทนมีย์
นอกเมือง
นาบัว
ในเมือง
สวาย
สำโรง
ตรมไพร
หนองเหล็ก"
สุรินทร์,6,นายอนุชา วัชรศีขร,7,นายธนกร นานวน,5,นางสาววรายุภัสร์ ฉัตรทองโยธิน,2,"แจนแวน
ณรงค์
ตรวจ
ศรีสุข
หนองแวง
กุดหวาย
ผักไหม
กระเทียม
ขอนแตก
ดม
ตาคง
ทับทัน
บ้านจารย์
บ้านชบ
พระแก้ว
สะกาด
สังขะ"
หนองคาย,3,นายเอกธนัช อินทร์รอด,4,นายจริวัฒน์ ตัณฑรัตน์,1,นายกฤษฎา เข็มรัตน์,5,"กองนาง
โคกคอน
ท่าบ่อ
นาข่า
น้ำโมง
บ้านเดื่อ
บ้านถ่อน
บ้านว่าน
โพนสา
หนองนาง
ด่านศรีสุข
โพธิ์ตาก
โพนทอง
พระธาตุบังพวน
เวียงคุก
บ้านหม้อ
พระพุทธบาท
พานพร้าว
หนองปลาปาก
แก้งไก่
นางิ้ว
บ้านม่วง
ผาตั้ง
สังคม"
หนองคาย,2,นางสาวชนก จันทาทอง,9,นายแสวง ราชพลแสน,8,นางสาวทศพร จันทร์ศรี,2,"นาดี
เฝ้าไร่
วังหลวง
หนองหลวง
อุดมพร
กุดบง
จุมพล
ชุมช้าง
เซิม
นาหนัง
บ้านผือ
บ้านโพธิ์
วัดหลวง
นาทับไฮ
บ้านต้อน
พระบาทนาสิงห์
โพนแพง
รัตนวาปี"
หนองคาย,1,นายกฤษฎา ตันเทอดทิตย์,6,นางสาวอภิญญา บุญจันทร์,10,นายพิชชาวุธ เหล่าศิริวิจิตร,1,"ทุ่งหลวง
สร้างนางขาว
เหล่าต่างคำ
กวนวัน
ค่ายบกหวาน
ในเมือง
บ้านเดื่อ
ปะโค
โพธิ์ชัย
โพนสว่าง
มีชัย
เมืองหมี
วัดธาตุ
สีกาย
หนองกอมเกาะ
หาดคำ
หินโงม
คอกช้าง
บ้านฝาง
สระใคร"
หนองบัวลำภู,3,นายณพล เชยคำแหง,4,นายสมเกียรติ เชษฐสุมน,8,นายณัฐวุฒิ กองจันทร์ดี,3,"กุดดินจี่
กุดแห่
เก่ากลอย
ดงสวรรค์
ด่านช้าง
นากลาง
โนนเมือง
ฝั่งแดง
อุทัยสวรรค์
วังปลาป้อม
กุดผึ้ง
ดงมะไฟ
นาด่าน
นาดี
นาสี
บ้านโคก
บุญทัน
สุวรรณคูหา"
หนองบัวลำภู,2,นายไชยา พรหมา,3,นายทรงเดช มหาเสนา,7,นายรุ่งเพชร ศรีกาญจนา,2,"เทพคีรี
นาแก
นาเหล่า
วังทอง
โคกม่วง
โคกใหญ่
นิคมพัฒนา
โนนเมือง
หนองเรือ
กุดสะเทียน
ทรายทอง
นากอก
โนนม่วง
โนนสะอาด
เมืองใหม่
ยางหล่อ
ศรีบุญเรือง
หนองกุงแก้ว
หนองแก
หนองบัวใต้
หันนางาม"
หนองบัวลำภู,1,นายสยาม หัตถสงเคราะห์,9,นายสุปัญญา ชัยโสภา,6,นายสุรชัย ทวีคูณ,8,"กุดดู่
โนนสัง
บ้านค้อ
บ้านถิ่น
ปางกู่
กุดจิก
นาคำไฮ
นามะเฟือง
โนนขมิ้น
โนนทัน
บ้านขาม
บ้านพร้าว
ป่าไม้งาม
โพธิ์ชัย
ลำภู
หนองบัว
หนองภัยศูนย์
หนองสวรรค์
หนองหว้า
หัวนา"
อ่างทอง,2,นายชวกร ศรีราชา,4,นายกิตติพงศ์ สนธิสัมพันธ์,6,,,"จรเข้ร้อง
ชะไว
ชัยฤทธิ์
ไชยภูมิ
ไชโย
ตรีณรงค์
เทวราช
ราชสถิตย์
หลักฟ้า
คำหยาด
โคกพุทรา
ทางพระ
บ่อแร่
บางเจ้าฉ่า
บางพลับ
บางระกำ
โพธิ์รังนก
ยางช้าย
รำมะสัก
สามง่าม
หนองแม่ไก่
องครักษ์
อ่างแก้ว
อินทประมูล
ม่วงเตี้ย
สาวร้องไห้
โพธิ์ม่วงพันธ์
มงคลธรรมนิมิต
ราษฎรพัฒนา
สามโก้
อบทม
จำลอง
บ้านพราน
วังน้ำเย็น
ศรีพราน
สีบัวทอง
แสวงหา
ห้วยไผ่"
อ่างทอง,1,นายชูศักดิ์ ศรีราชา,7,นายสาโรจน์ ฉ่ำจิตร,1,,,"นรสิงห์
บางปลากด
บางเสด็จ
ป่าโมก
โผงเผง
โรงช้าง
สายทอง
เอกราช
คลองวัว
จำปาหล่อ
ตลาดกรวด
ตลาดหลวง
บางแก้ว
บ้านรี
บ้านแห
บ้านอิฐ
ป่างิ้ว
โพสะ
มหาดไทย
ย่านซื่อ
ศาลาแดง
หัวไผ่
คลองขนาก
ตลาดใหม่
ท่าช้าง
บางจัก
ไผ่จำศีล
ไผ่ดำพัฒนา
ไผ่วง
ยี่ล้น
ศาลเจ้าโรงทอง
สี่ร้อย
หลักแก้ว
ห้วยคันแหลน
หัวตะพาน"
อำนาจเจริญ,2,นายดะนัย มะหิพันธ์,3,นายไมตรี แก้วมงคล,1,นางสาวสิริพรรณ อมรสิน,2,"คำเขื่อนแก้ว
โคกก่ง
โคกสาร
ชานุมาน
ป่าก่อ
คำโพน
นาป่าแซง
นาหว้า
โนนงาม
ลือ
หนองข่า
ห้วย
จานลาน
พนา
พระเหลา
ไม้กลอน
โคกกลาง
ดงบัง
ดงมะยาง
เปือย
แมด
ไร่ขี
อำนาจ
นาเวียง
โพนทอง
ไร่สีสุก
เสนางคนิคม
หนองสามสี
หนองไฮ"
อำนาจเจริญ,1,นางสมหญิง บัวบุตร,8,นายประภาส เวชกรณ์,6,นายทวีชัย พลธานี,7,"กุดปลาดุก
ไก่คำ
คึมใหญ่
ดอนเมย
นาจิก
นาแต้
นาผือ
นายม
นาวัง
นาหมอม้า
น้ำปลีก
โนนโพธิ์
โนนหนามแท่ง
บุ่ง
ปลาค้าว
สร้างนกทา
หนองมะแซว
ห้วยไร่
เหล่าพรวน
คำพระ
เค็งใหญ่
จิกดู่
โพนเมืองน้อย
รัตนวารี
สร้างถ่อน้อย
หนองแก้ว
หัวตะพาน"
อุดรธานี,9,นายวัชระพล ขาวขำ,6,นายโชคสมาน สีลาวงษ์,8,นายสุจริต อาณารักษ์,4,"กุดจับ
ขอนยูง
เชียงเพ็ง
ตาลเลียน
ปะโค
เมืองเพีย
สร้างก่อ
เขือน้ำ
คำบง
โนนทอง
หนองแวง
หนองหัวคู
โคกสะอาด
เชียงพิณ
เชียงยืน
นิคมสงเคราะห์"
อุดรธานี,7,นายธีระชัย แสนแก้ว,3,นายสุริยา วงศ์อารีย์,1,นายอัศวินต์ พิมานเมฆินทร์,12,"กุมภวาปี
เชียงแหว
แชแล
ตูมใต้
ท่าลี่
ปะโค
ผาสุก
พันดอน
เวียงคำ
สีออ
เสอเพลอ
หนองหว้า
ห้วยเกิ้ง
นาม่วง
ห้วยสามพาด
อุ่มจาน
หนองไผ่"
อุดรธานี,5,นายกรวีร์ สาราคำ,5,พันโทศรีสวัสดิ์ ดวงพรม,6,นายโอภาส พรหมโคตร,1,"คอนสาย
ค้อใหญ่
ดอนกลอย
นาทราย
บ้านแดง
ดอนหายโศก
บ้านเชียง
บ้านยา
ผักตบ
พังงู
โพนงาม
สร้อยพร้าว
สะแบง
หนองไผ่
หนองเม็ก
หนองสระปลา
หนองหาน"
อุดรธานี,6,นางจุฑาพัตธน์ เมนะสวัสดิ์,4,นายอานันท์ อมรินทร์,1,นายอดิศักดิ์ แก้วมุงคุณทรัพย์,5,"โนนทองอินทร์
บ้านจีต
คำเลาะ
ไชยวาน
โพนสูง
หนองหลัก
คำโคกสูง
บะยาว
ผาสุก
วังสามหมอ
หนองกุงทับม้า
หนองหญ้าไซ
จำปี
ตาดทอง
นายูง
บ้านโปร่ง
ศรีธาตุ
หนองนกเขียน
หัวนาคำ"
อุดรธานี,4,นายภาณุ พรวัฒนา,5,นางภรัชฎา ศรีไชยมูล,6,นายโชคเสมอ คำมุงคุณ,4,"ทุ่งฝน
ทุ่งใหญ่
นาชุมแสง
นาทม
ดงเย็น
ถ่อนนาลับ
นาคำ
นาไหม
บ้านจันทน์
บ้านชัย
บ้านดุง
บ้านตาด
บ้านม่วง
โพนสูง
วังทอง
ศรีสุทโธ
อ้อมกอ"
อุดรธานี,10,นางเทียบจุฑา ขาวขำ,6,นายศราวุธ หอมพรมมา,3,นายกิตติคุณ คนบุญ,9,"นาแค
นายูง
โนนทอง
บ้านก้อง
นางัว
น้ำโสม
บ้านหยวก
ศรีสำราญ
สามัคคี
โสมเยี่ยม
หนองแวง
กลางใหญ่
ข้าวสาร
คำด้วง
จำปาโมง
บ้านค้อ
บ้านผือ
เมืองพาน
หายโศก"
อุดรธานี,8,นายเกรียงศักดิ์ ฝ้ายสีงาม,5,นายนิคม ระชินลา,1,นายฐานวัฒน์ ธนาธัญญพิชญ์,9,"โคกกลาง
ทมนางาม
โนนสะอาด
บุ่งแก้ว
โพธิ์ศรีสำราญ
หนองกุงศรี
หนองไฮ
กุดหมากไฟ
น้ำพ่น
โนนหวาย
หนองบัวบาน
หนองวัวซอ
หนองอ้อ
หมากหญ้า
อูบมุง
ทับกุง
นาดี
แสงสว่าง
หนองแสง"
อุดรธานี,3,นายอนันต์ ศรีพันธุ์,11,นายนิธิศ รอดชมภู,4,นายหรั่ง ธุระพล,8,"โคกกลาง
จอมศรี
เชียงหวาง
เตาไห
นาบัว
นาพู่
บ้านธาตุ
บ้านเหล่า
เพ็ญ
สร้างแป้น
สุมเส้า
บ้านขาว
เชียงดา
นาสะอาด
บ้านโคก
บ้านยวด
บ้านหินโงม
สร้างคอม"
อุดรธานี,2,นางหทัยรัตน์ เพชรพนมพร,11,นางสาวภูษณิศา มหาวรากร,2,ว่าที่ร้อยตรีภูมิพันธ์ บุญมาตุ่น,14,"กุดสระ
นากว้าง
นาข่า
โนนสูง
บ้านจั่น
บ้านตาด
สามพร้าว
หนองขอนกว้าง
หนองนาคำ
หมูม่น"
อุดรธานี,1,นายศราวุธ เพชรพนมพร,11,นายณัฐพงษ์ พิพัฒน์ไชยศิริ,4,นายเวชยันต์ ช้างรักษา,2,"นาดี
บ้านเลื่อม
หนองบัว
หมากแข้ง"
อุตรดิตถ์,3,นายรวี เล็กอุทัย,8,นางสาวจิรายุ ดวงแก้ว,6,นายบัญชา อรุณเขต,2,"ข่อยสูง
น้ำอ่าง
บ้านแก่ง
วังแดง
หาดสองแคว
คอรุม
ท่ามะเฟือง
ท่าสัก
ในเมือง
บ้านโคน
บ้านดารา
บ้านหม้อ
พญาแมน
ไร่อ้อย
ชัยจุมพล
ด่านแม่คำมัน
ทุ่งยั้ง
นานกกก
ไผ่ล้อม
ฝายหลวง
แม่พูล
ศรีพนมมาศ"
อุตรดิตถ์,2,นายวารุจ ศิริวัฒน์,7,นายณัฐวุฒิ บุญมาติด,9,นายเอนก ธรรมใจ,10,"น้ำพี้
บ่อทอง
ป่าคาย
ผักขวง
จริม
ท่าปลา
นางพญา
น้ำหมัน
ผาเลือด
ร่วมจิต
หาดล้า
เด่นเหล็ก
ท่าแฝก
น้ำไคร้
น้ำไผ่
บ้านฝาย
แสนตอ
ห้วยมุ่น
นาขุม
บ่อเบี้ย
บ้านโคก
ม่วงเจ็ดต้น
นายาง
นาอิน
บ้านเสี้ยว
ฟากท่า
สองคอน
สองห้อง"
อุตรดิตถ์,1,นางสาวกฤษณา สีหลักษณ์,3,นางสาวสุภาพิชญ์ สุขศรี,4,นายโปรย สมบัติ,1,"ขุนฝาง
คุ้งตะเภา
งิ้วงาม
ถ้ำฉลอง
ท่าเสา
ท่าอิฐ
น้ำริด
บ้านเกาะ
บ้านด่าน
บ้านด่านนาขาม
ป่าเซ่า
ผาจุก
วังกะพี้
วังดิน
แสนตอ
หาดกรวด
หาดงิ้ว"
อุทัยธานี,1,นายธนาคร อุนจะนำ,1,นางสาวกาญจนา จิตกลาง,6,นายเดชา คงคา,8,"เขาขี้ฝอย
โคกหม้อ
ตลุกดู่
ทัพทัน
ทุ่งนาไทย
หนองกระทุ่ม
หนองกลางดง
หนองยายดา
หนองสระ
หนองหญ้าปล้อง
เกาะเทโพ
ดอนขวาง
ท่าซุง
ทุ่งใหญ่
น้ำซึม
เนินแจง
โนนเหล็ก
สะแกกรัง
หนองแก
หนองเต่า
หนองไผ่แบน
หนองพังค่า
หาดทนง
อุทัยใหม่
บ่อยาง
ไผ่เขียว
พลวงสองนาง
สว่างอารมณ์
หนองหลวง
ดงขวาง
ดอนกลอย
ท่าโพ
ทุ่งพึ่ง
หนองขาหย่าง
หนองไผ่
หมกแถว
หลุมเข้า
ห้วยรอบ
ทุ่งพง
บ้านเก่า
หนองฉาง
หนองนางนวล
หนองยาง
หนองสรวง
อุทัยเก่า"
อุทัยธานี,2,นายอรรถพล โต๋วสัจจา,1,นางสาวดวงฤทัย แกล้วการไร่,6,นางบรรจง จำปี,8,"แก่นมะกรูด
คอกควาย
เจ้าวัด
ทัพหลวง
บ้านบึง
บ้านไร่
บ้านใหม่คลองเคียน
เมืองการุ้ง
วังหิน
หนองจอก
หนองบ่มกล้วย
ห้วยแห้ง
หูช้าง
ทุ่งนางาม
น้ำรอบ
ประดู่ยืน
ป่าอ้อ
ระบำ
ลานสัก
เขากวางทอง
เขาบางแกรก
ทุ่งโพ
ทองหลาง
สุขฤทัย
ห้วยคต"
อุบลราชธานี,5,นายรัฐกิตติ์ ผาลีพัฒน์,9,นายเพทาย ศรีสวัสดิ์,5,,,"กาบิน
แก่งเค็ง
ข้าวปุ้น
โนนสวาง
หนองทันน้ำ
กระเดียน
กุดยาลวน
กุศกร
เกษม
ขามเปี้ย
ขุหลุ
คอนสาย
คำเจริญ
โคกจาน
เซเป็ด
ตระการ
ตากแดด
ถ้ำแข้
ท่าหลวง
นาพิน
นาสะไม
โนนกุง
บ้านแดง
เป้า
สะพือ
หนองเต่า
ห้วยฝ้ายพัฒนา
ไหล่ทุ่ง"
อุบลราชธานี,6,นางสาวธัญธารีย์ สันตพันธุ์,8,นายชิราวุธ แก้วชิณ,7,นายบุญธรรม ภาคโพธิ์,1,"แก้งเหนือ
ขามป้อม
เขมราฐ
เจียด
นาแวง
หนองนกทา
หนองผือ
หนองสิม
หัวนา
กองโพน
นาตาล
พะลาน
พังเคน
โพธิ์ไทร
ม่วงใหญ่
สองคอน
สารภี
สำโรง
เหล่างาม"
อุบลราชธานี,2,นายณรงค์ชัย วีระกุล,9,นายสมภพ จันทรวงษ์,7,,,"กลางใหญ่
ก่อเอ้
เขื่องใน
ค้อทอง
ชีทวน
แดงหม้อ
ท่าไห
ธาตุน้อย
นาคำใหญ่
โนนรัง
บ้านกอก
บ้านไทย
ยางขี้นก
ศรีสุข
สร้างถ่อ
สหธาตุ
หนองเหล่า
หัวดอน
ขี้เหล็ก
ปะอาว
ไร่น้อย
หนองขอน
หัวเรือ"
อุบลราชธานี,7,นางสาวสุดารัตน์ พิทักษ์พรพัลลภ,11,นายภานุภพ ยุตกิจ,7,นายพิตติพัฒน์ นามอภัย,8,"โขงเจียม
นาโพธิ์กลาง
หนองแสงใหญ่
ห้วยไผ่
ห้วยยาง
ทรายมูล
ระเว
แก้งกอก
คำไหล
ดอนใหญ่
ตะบ่าย
นาคำ
นาเลิน
ลาดควาย
วาริน
สงยาง
หนามแท่ง
เอือดใหญ่
คันไร่
คำเขื่อนแก้ว
ช่องเม็ก
นิคมสร้างตนเองลำโดมน้อย
ฝางคำ"
อุบลราชธานี,3,นายชูวิทย์ พิทักษ์พรพัลลภ,11,นายสหธวัชชัย อนุสนธ์,4,,,"คำไฮใหญ่
ดอนมดแดง
ท่าเมือง
เหล่าแดง
คำหว้า
จิกเทิง
ตาลสุม
นาคาย
สำโรง
หนองกุง
ดุมใหญ่
เตย
นาเลิง
ไผ่ใหญ่
โพนแพง
ม่วงสามสิบ
ยางโยภาพ
ยางสักกระโพหลุ่ม
หนองไข่นก
หนองช้างใหญ่
หนองเมือง
หนองเหล่า
หนองฮาง
เหล่าบก
แพงใหญ่
โพนเมือง
หนองบก
เหล่าเสือโก้ก"
อุบลราชธานี,11,นายเอกชัย ทรงอำนาจเจริญ,9,นายพิทักษ์ชัย จิตจันทร์,6,นายสุริยา ขันอาสา,2,"กลาง
กุดประทาย
แก้ง
คำครั่ง
ตบหู
ท่าโพธิ์ศรี
นากระแซง
นาเจริญ
นาส่วง
โนนสมบูรณ์
บัวงาม
ป่าโมง
โพนงาม
เมืองเดช
สมสะอาด"
อุบลราชธานี,10,นายสมคิด เชื้อคง,9,นางสาวประภัสสร สายเพ็ชร,5,,,"ทุ่งเทิง
กุดเรือ
โคกชำแระ
นาเกษม
นาห่อม
หนองอ้ม
ขี้เหล็ก
โคกสะอาด
ตาเกา
ไพบูลย์
เก่าขาม
โซง
โดมประดิษฐ์
บุเปือย
ยาง
ยางใหญ่
สีวิเชียร
ขามป้อม
ค้อน้อย
โคกสว่าง
โนนกลาง
โนนกาเล็น
หนองไฮ"
อุบลราชธานี,9,นายประภูศักดิ์ จินตะเวช,11,พันจ่าอากาศเอกบรรจง อินทร์ขาว,8,นางรำพูล ตันติวณิชชานนท์,10,"นาจะหลวย
โนนสมบูรณ์
โนนสวรรค์
บ้านตูม
พรสวรรค์
โสกแสง
คอแลน
นาโพธิ์
โนนค้อ
บัวงาม
บ้านแมด
โพนงาม
หนองสะโน
ห้วยข่า
โนนก่อ"
อุบลราชธานี,8,นายเอกพล ญาวงค์,11,นางสาวภคมน แก้วปัญญา,8,นายเสกสรรค์ กอคูณ,9,"นาดี
นาเยีย
นาเรือง
กุดชมภู
ดอนจิก
นาโพธิ์
โนนกลาง
โนนกาหลง
บ้านแขม
พิบูล
โพธิ์ไทร
โพธิ์ศรี
ไร่ใต้
หนองบัวฮี
อ่างศิลา
แก่งโดม
ท่าช้าง
บุ่งมะแลง
สว่าง"
อุบลราชธานี,1,นายวรสิทธิ์ กัลป์ตินันท์,11,นายวิศรุต สวัสดิวร,10,นายอดุลย์ นิลเปรม,1,"กระโสบ
กุดลาด
ขามใหญ่
แจระแม
ในเมือง
ปทุม
หนองบ่อ"
อุบลราชธานี,4,นางสาวกิตติ์ธัญญา วาจาดี,11,นายวัฒนชัย มากมูล,7,นายอภิชาติ วรโชติวิวรรธน์,2,"คำขวาง
คำน้ำแซบ
คูเมือง
ท่าลาด
ธาตุ
โนนผึ้ง
โนนโหนน
บุ่งหวาย
บุ่งไหม
โพธิ์ใหญ่
เมืองศรีไค
วารินชำราบ
สระสมิง
แสนสุข
หนองกินเพล
ห้วยขะยุง
โคกก่อง
บอน
สำโรง"
